Accession,BioSample,Organism_Name,Species,Isolate,Segment,GenBank_Title,Length,Nuc_Completeness,Geo_Location,Country,Host,Collection_Date,Component,Isolate_Clean,Isolate_Pair_Core,Pair_Key
NC_004676,,East African cassava mosaic virus,Begomovirus manihotisafricaense,,DNA B,"East African cassava mosaic virus DNA B, complete sequence",2777,complete,Uganda,Uganda,,,B,,, || east african cassava mosaic virus || begomovirus manihotisafricaense || complete || uganda || uganda ||  ||  || 
NC_004674,,East African cassava mosaic virus,Begomovirus manihotisafricaense,,DNA A,"East African cassava mosaic virus DNA A, complete sequence",2799,complete,Uganda,Uganda,,,A,,, || east african cassava mosaic virus || begomovirus manihotisafricaense || complete || uganda || uganda ||  ||  || 
PV524653,,East African cassava mosaic virus,Begomovirus manihotisafricaense,Senegal-SN88SF-2023,,"East African cassava mosaic virus isolate Senegal-SN88SF-2023, complete genome",2798,complete,Senegal,Senegal,,2023-11,UNKNOWN,senegal-sn88sf-2023,senegal-sn88sf-2023, || east african cassava mosaic virus || begomovirus manihotisafricaense || complete || senegal || senegal ||  || 2023-11 || senegal-sn88sf-2023
PV524654,,East African cassava mosaic virus,Begomovirus manihotisafricaense,Senegal-SN88SA-2023,,"East African cassava mosaic virus isolate Senegal-SN88SA-2023, complete genome",2798,complete,Senegal,Senegal,,2023-11,UNKNOWN,senegal-sn88sa-2023,senegal-sn88sa-2023, || east african cassava mosaic virus || begomovirus manihotisafricaense || complete || senegal || senegal ||  || 2023-11 || senegal-sn88sa-2023
LC832863,,East African cassava mosaic virus,Begomovirus manihotisafricaense,Forecariah:07,DNA-A,"East African cassava mosaic virus Forecariah:07 DNA, segment DNA-A, complete genome",2799,complete,Guinea:Forecariah,Guinea,,2023-07-31,A,forecariah:07,forecariah:07, || east african cassava mosaic virus || begomovirus manihotisafricaense || complete || guinea:forecariah || guinea ||  || 2023-07-31 || forecariah:07
LC832864,,East African cassava mosaic virus,Begomovirus manihotisafricaense,Forecariah:23,DNA-B,"East African cassava mosaic virus Forecariah:23 DNA, segment DNA-B, complete genome",2774,complete,Guinea:Forecariah,Guinea,Manihot esculenta,2023-07-31,B,forecariah:23,forecariah:23, || east african cassava mosaic virus || begomovirus manihotisafricaense || complete || guinea:forecariah || guinea || manihot esculenta || 2023-07-31 || forecariah:23
LC832865,,East African cassava mosaic virus,Begomovirus manihotisafricaense,EACMV-Ug-DNA-B,,"East African cassava mosaic virus EACMV-Ug-DNA-B DNA, complete genome",2777,complete,Guinea:Forecariah,Guinea,,2023-07-31,B,eacmv-ug-dna-b,eacmv-ug-dna, || east african cassava mosaic virus || begomovirus manihotisafricaense || complete || guinea:forecariah || guinea ||  || 2023-07-31 || eacmv-ug-dna
MT821897,,East African cassava mosaic virus,Begomovirus manihotisafricaense,Ls-Ru-ZM02-E,DNA-A,"East African cassava mosaic virus isolate Ls-Ru-ZM02-E segment DNA-A, complete sequence",2799,complete,Zambia,Zambia,Manihot esculenta,2013,A,ls-ru-zm02-e,ls-ru-zm02-e, || east african cassava mosaic virus || begomovirus manihotisafricaense || complete || zambia || zambia || manihot esculenta || 2013 || ls-ru-zm02-e
MT821898,,East African cassava mosaic virus,Begomovirus manihotisafricaense,E-Ln-ZM07-E,DNA-A,"East African cassava mosaic virus isolate E-Ln-ZM07-E segment DNA-A, complete sequence",2799,complete,Zambia,Zambia,Manihot esculenta,2013,A,e-ln-zm07-e,e-ln-zm07-e, || east african cassava mosaic virus || begomovirus manihotisafricaense || complete || zambia || zambia || manihot esculenta || 2013 || e-ln-zm07-e
MT821899,,East African cassava mosaic virus,Begomovirus manihotisafricaense,E-Ln-ZM08-E,DNA-A,"East African cassava mosaic virus isolate E-Ln-ZM08-E segment DNA-A, complete sequence",2799,complete,Zambia,Zambia,Manihot esculenta,2013,A,e-ln-zm08-e,e-ln-zm08-e, || east african cassava mosaic virus || begomovirus manihotisafricaense || complete || zambia || zambia || manihot esculenta || 2013 || e-ln-zm08-e
MT821900,,East African cassava mosaic virus,Begomovirus manihotisafricaense,E-Ln-ZM09-E,DNA-A,"East African cassava mosaic virus isolate E-Ln-ZM09-E segment DNA-A, complete sequence",2799,complete,Zambia,Zambia,Manihot esculenta,2013,A,e-ln-zm09-e,e-ln-zm09-e, || east african cassava mosaic virus || begomovirus manihotisafricaense || complete || zambia || zambia || manihot esculenta || 2013 || e-ln-zm09-e
MT821901,,East African cassava mosaic virus,Begomovirus manihotisafricaense,W-Lu-ZM15-E,DNA-A,"East African cassava mosaic virus isolate W-Lu-ZM15-E segment DNA-A, complete sequence",2799,complete,Zambia,Zambia,Manihot esculenta,2013,A,w-lu-zm15-e,w-lu-zm15-e, || east african cassava mosaic virus || begomovirus manihotisafricaense || complete || zambia || zambia || manihot esculenta || 2013 || w-lu-zm15-e
MT821902,,East African cassava mosaic virus,Begomovirus manihotisafricaense,W-Mo-ZM17-E,DNA-A,"East African cassava mosaic virus isolate W-Mo-ZM17-E segment DNA-A, complete sequence",2801,complete,Zambia,Zambia,Manihot esculenta,2013,A,w-mo-zm17-e,w-mo-zm17-e, || east african cassava mosaic virus || begomovirus manihotisafricaense || complete || zambia || zambia || manihot esculenta || 2013 || w-mo-zm17-e
MT821903,,East African cassava mosaic virus,Begomovirus manihotisafricaense,W-Mo-ZM18-E,DNA-A,"East African cassava mosaic virus isolate W-Mo-ZM18-E segment DNA-A, complete sequence",2799,complete,Zambia,Zambia,Manihot esculenta,2013,A,w-mo-zm18-e,w-mo-zm18-e, || east african cassava mosaic virus || begomovirus manihotisafricaense || complete || zambia || zambia || manihot esculenta || 2013 || w-mo-zm18-e
MZ595264,,East African cassava mosaic virus,Begomovirus manihotisafricaense,TZ PMB 14,A,"East African cassava mosaic virus isolate TZ PMB 14 segment A, complete sequence",2739,complete,Tanzania,Tanzania,,2018-08-18,A,tz pmb 14,tz pmb 14, || east african cassava mosaic virus || begomovirus manihotisafricaense || complete || tanzania || tanzania ||  || 2018-08-18 || tz pmb 14
MZ494476,,East African cassava mosaic virus,Begomovirus manihotisafricaense,Comoros:Ngazidja1.1,DNA-B,"East African cassava mosaic virus isolate Comoros:Ngazidja1.1 segment DNA-B, complete sequence",2752,complete,Comoros,Comoros,Manihot esculenta,2019-07-02,B,comoros:ngazidja1.1,comoros:ngazidja1.1, || east african cassava mosaic virus || begomovirus manihotisafricaense || complete || comoros || comoros || manihot esculenta || 2019-07-02 || comoros:ngazidja1.1
MZ494479,,East African cassava mosaic virus,Begomovirus manihotisafricaense,Comoros:Nzwani13.5,DNA-B,"East African cassava mosaic virus isolate Comoros:Nzwani13.5 segment DNA-B, complete sequence",2764,complete,Comoros,Comoros,Manihot esculenta,2019-07-11,B,comoros:nzwani13.5,comoros:nzwani13.5, || east african cassava mosaic virus || begomovirus manihotisafricaense || complete || comoros || comoros || manihot esculenta || 2019-07-11 || comoros:nzwani13.5
MZ494482,,East African cassava mosaic virus,Begomovirus manihotisafricaense,Comoros:Ngazidja1.1,DNA-A,"East African cassava mosaic virus isolate Comoros:Ngazidja1.1 segment DNA-A, complete sequence",2802,complete,Comoros,Comoros,Manihot esculenta,2019-07-02,A,comoros:ngazidja1.1,comoros:ngazidja1.1, || east african cassava mosaic virus || begomovirus manihotisafricaense || complete || comoros || comoros || manihot esculenta || 2019-07-02 || comoros:ngazidja1.1
MZ494483,,East African cassava mosaic virus,Begomovirus manihotisafricaense,Comoros:Ngazidja16.1,DNA-A,"East African cassava mosaic virus isolate Comoros:Ngazidja16.1 segment DNA-A, complete sequence",2802,complete,Comoros,Comoros,Manihot esculenta,2019-07-04,A,comoros:ngazidja16.1,comoros:ngazidja16.1, || east african cassava mosaic virus || begomovirus manihotisafricaense || complete || comoros || comoros || manihot esculenta || 2019-07-04 || comoros:ngazidja16.1
MZ494484,,East African cassava mosaic virus,Begomovirus manihotisafricaense,Comoros:Nzwani19.4,DNA-A,"East African cassava mosaic virus isolate Comoros:Nzwani19.4 segment DNA-A, complete sequence",2801,complete,Comoros,Comoros,Manihot esculenta,2019-07-05,A,comoros:nzwani19.4,comoros:nzwani19.4, || east african cassava mosaic virus || begomovirus manihotisafricaense || complete || comoros || comoros || manihot esculenta || 2019-07-05 || comoros:nzwani19.4
MZ494487,,East African cassava mosaic virus,Begomovirus manihotisafricaense,Comoros:Mwali3.4,DNA-A,"East African cassava mosaic virus isolate Comoros:Mwali3.4 segment DNA-A, complete sequence",2795,complete,Comoros,Comoros,Manihot esculenta,2019-07-14,A,comoros:mwali3.4,comoros:mwali3.4, || east african cassava mosaic virus || begomovirus manihotisafricaense || complete || comoros || comoros || manihot esculenta || 2019-07-14 || comoros:mwali3.4
MZ570970,,East African cassava mosaic virus,Begomovirus manihotisafricaense,EACMV K401,DNA-A,"East African cassava mosaic virus isolate EACMV K401 segment DNA-A, complete sequence",2801,complete,Kenya,Kenya,Manihot esculenta,2018-11-15,A,eacmv k401,eacmv k401, || east african cassava mosaic virus || begomovirus manihotisafricaense || complete || kenya || kenya || manihot esculenta || 2018-11-15 || eacmv k401
MZ570971,,East African cassava mosaic virus,Begomovirus manihotisafricaense,EACMV K401,DNA-B,"East African cassava mosaic virus isolate EACMV K401 segment DNA-B, complete sequence",2754,complete,Kenya,Kenya,Manihot esculenta,2018-11-15,B,eacmv k401,eacmv k401, || east african cassava mosaic virus || begomovirus manihotisafricaense || complete || kenya || kenya || manihot esculenta || 2018-11-15 || eacmv k401
OL444942,,East African cassava mosaic virus,Begomovirus manihotisafricaense,DSMZ PV-1302,DNA A,"East African cassava mosaic virus isolate DSMZ PV-1302 segment DNA A, complete sequence",2798,complete,Rwanda: Huye,Rwanda,Manihot esculenta,,A,dsmz pv-1302,dsmz pv-1302, || east african cassava mosaic virus || begomovirus manihotisafricaense || complete || rwanda: huye || rwanda || manihot esculenta ||  || dsmz pv-1302
OL444943,,East African cassava mosaic virus,Begomovirus manihotisafricaense,DSMZ PV-1302,DNA B,"East African cassava mosaic virus isolate DSMZ PV-1302 segment DNA B, complete sequence",2775,complete,Rwanda: Huye,Rwanda,Manihot esculenta,,B,dsmz pv-1302,dsmz pv-1302, || east african cassava mosaic virus || begomovirus manihotisafricaense || complete || rwanda: huye || rwanda || manihot esculenta ||  || dsmz pv-1302
MH646694,,East African cassava mosaic virus,Begomovirus manihotisafricaense,EACMVCM_GH:AK18B:13,DNA-B,"East African cassava mosaic virus isolate EACMVCM_GH:AK18B:13 segment DNA-B, complete sequence",2733,complete,Ghana,Ghana,Manihot esculenta,2013-08,B,eacmvcm_gh:ak18b:13,eacmvcm-gh:ak18b:13, || east african cassava mosaic virus || begomovirus manihotisafricaense || complete || ghana || ghana || manihot esculenta || 2013-08 || eacmvcm-gh:ak18b:13
MG250161,,East African cassava mosaic virus,Begomovirus manihotisafricaense,EACMVKE_GH:KW11A:13,DNA-A,"East African cassava mosaic virus isolate EACMVKE_GH:KW11A:13, complete genome",2799,complete,Ghana,Ghana,Manihot esculenta,2013-08,A,eacmvke_gh:kw11a:13,eacmvke-gh:kw11a:13, || east african cassava mosaic virus || begomovirus manihotisafricaense || complete || ghana || ghana || manihot esculenta || 2013-08 || eacmvke-gh:kw11a:13
MG250162,,East African cassava mosaic virus,Begomovirus manihotisafricaense,EACMVKE_GH:KW12A:13,DNA-A,"East African cassava mosaic virus isolate EACMVKE_GH:KW12A:13, complete genome",2799,complete,Ghana,Ghana,Manihot esculenta,2013-08,A,eacmvke_gh:kw12a:13,eacmvke-gh:kw12a:13, || east african cassava mosaic virus || begomovirus manihotisafricaense || complete || ghana || ghana || manihot esculenta || 2013-08 || eacmvke-gh:kw12a:13
MG250163,,East African cassava mosaic virus,Begomovirus manihotisafricaense,EACMVKE_GH:KW10A:13,DNA-A,"East African cassava mosaic virus isolate EACMVKE_GH:KW10A:13, complete genome",2799,complete,Ghana,Ghana,Manihot esculenta,2013-08,A,eacmvke_gh:kw10a:13,eacmvke-gh:kw10a:13, || east african cassava mosaic virus || begomovirus manihotisafricaense || complete || ghana || ghana || manihot esculenta || 2013-08 || eacmvke-gh:kw10a:13
MG250164,,East African cassava mosaic virus,Begomovirus manihotisafricaense,EACMVCMGH:AK18A:13,DNA-A,"East African cassava mosaic virus isolate EACMVCMGH:AK18A:13, complete genome",2801,complete,Ghana,Ghana,Manihot esculenta,2013-08,A,eacmvcmgh:ak18a:13,eacmvcmgh:ak18a:13, || east african cassava mosaic virus || begomovirus manihotisafricaense || complete || ghana || ghana || manihot esculenta || 2013-08 || eacmvcmgh:ak18a:13
MF974568,,East African cassava mosaic virus (Uganda variant),Begomovirus manihotisafricaense,EACMV-UG_2S-R,DNA-A,"East African cassava mosaic virus (Uganda variant) isolate EACMV-UG_2S-R segment DNA-A, complete sequence",2798,complete,Kenya,Kenya,Markhamia zanzibarica,2017-05-15,A,eacmv-ug_2s-r,eacmv-ug-2s-r, || east african cassava mosaic virus (uganda variant) || begomovirus manihotisafricaense || complete || kenya || kenya || markhamia zanzibarica || 2017-05-15 || eacmv-ug-2s-r
MF067253,,East African cassava mosaic virus,Begomovirus manihotisafricaense,EACMV_TZ:Kch:Mg4:17,DNA A,"East African cassava mosaic virus isolate EACMV_TZ:Kch:Mg4:17 segment DNA A, complete sequence",2816,complete,Tanzania,Tanzania,Manihot glaziovii,2015,A,eacmv_tz:kch:mg4:17,eacmv-tz:kch:mg4:17, || east african cassava mosaic virus || begomovirus manihotisafricaense || complete || tanzania || tanzania || manihot glaziovii || 2015 || eacmv-tz:kch:mg4:17
MF067254,,East African cassava mosaic virus,Begomovirus manihotisafricaense,EACMV_TZ:Kih:Mg5:17,DNA A,"East African cassava mosaic virus isolate EACMV_TZ:Kih:Mg5:17 segment DNA A, complete sequence",2801,complete,Tanzania,Tanzania,Manihot glaziovii,2015,A,eacmv_tz:kih:mg5:17,eacmv-tz:kih:mg5:17, || east african cassava mosaic virus || begomovirus manihotisafricaense || complete || tanzania || tanzania || manihot glaziovii || 2015 || eacmv-tz:kih:mg5:17
MF067255,,East African cassava mosaic virus,Begomovirus manihotisafricaense,EACMV_TZ:Krm:Mg11:17,DNA A,"East African cassava mosaic virus isolate EACMV_TZ:Krm:Mg11:17 segment DNA A, complete sequence",2800,complete,Tanzania,Tanzania,Manihot glaziovii,2015,A,eacmv_tz:krm:mg11:17,eacmv-tz:krm:mg11:17, || east african cassava mosaic virus || begomovirus manihotisafricaense || complete || tanzania || tanzania || manihot glaziovii || 2015 || eacmv-tz:krm:mg11:17
MF067256,,East African cassava mosaic virus,Begomovirus manihotisafricaense,EACMV_TZ:Krm:Mg12:17,DNA A,"East African cassava mosaic virus isolate EACMV_TZ:Krm:Mg12:17 segment DNA A, complete sequence",2801,complete,Tanzania,Tanzania,Manihot glaziovii,2015,A,eacmv_tz:krm:mg12:17,eacmv-tz:krm:mg12:17, || east african cassava mosaic virus || begomovirus manihotisafricaense || complete || tanzania || tanzania || manihot glaziovii || 2015 || eacmv-tz:krm:mg12:17
MF067257,,East African cassava mosaic virus,Begomovirus manihotisafricaense,EACMV_TZ:Krm:Mg13:17,DNA A,"East African cassava mosaic virus isolate EACMV_TZ:Krm:Mg13:17 segment DNA A, complete sequence",2801,complete,Tanzania,Tanzania,Manihot glaziovii,2015,A,eacmv_tz:krm:mg13:17,eacmv-tz:krm:mg13:17, || east african cassava mosaic virus || begomovirus manihotisafricaense || complete || tanzania || tanzania || manihot glaziovii || 2015 || eacmv-tz:krm:mg13:17
MF067258,,East African cassava mosaic virus,Begomovirus manihotisafricaense,EACMV_TZ:Kel:Mg17:17,DNA A,"East African cassava mosaic virus isolate EACMV_TZ:Kel:Mg17:17 segment DNA A, complete sequence",2801,complete,Tanzania,Tanzania,Manihot glaziovii,2015,A,eacmv_tz:kel:mg17:17,eacmv-tz:kel:mg17:17, || east african cassava mosaic virus || begomovirus manihotisafricaense || complete || tanzania || tanzania || manihot glaziovii || 2015 || eacmv-tz:kel:mg17:17
MF067259,,East African cassava mosaic virus,Begomovirus manihotisafricaense,EACMV_TZ:Shi:Mg24:17,DNA A,"East African cassava mosaic virus isolate EACMV_TZ:Shi:Mg24:17 segment DNA A, complete sequence",2799,complete,Tanzania,Tanzania,Manihot glaziovii,2015,A,eacmv_tz:shi:mg24:17,eacmv-tz:shi:mg24:17, || east african cassava mosaic virus || begomovirus manihotisafricaense || complete || tanzania || tanzania || manihot glaziovii || 2015 || eacmv-tz:shi:mg24:17
MF067260,,East African cassava mosaic virus,Begomovirus manihotisafricaense,EACMV_TZ:Kim:Mg25:17,DNA A,"East African cassava mosaic virus isolate EACMV_TZ:Kim:Mg25:17 segment DNA A, complete sequence",2801,complete,Tanzania,Tanzania,Manihot glaziovii,2015,A,eacmv_tz:kim:mg25:17,eacmv-tz:kim:mg25:17, || east african cassava mosaic virus || begomovirus manihotisafricaense || complete || tanzania || tanzania || manihot glaziovii || 2015 || eacmv-tz:kim:mg25:17
MF067261,,East African cassava mosaic virus,Begomovirus manihotisafricaense,EACMV_TZ:Mas:Mg30:17,DNA A,"East African cassava mosaic virus isolate EACMV_TZ:Mas:Mg30:17 segment DNA A, complete sequence",2809,complete,Tanzania,Tanzania,Manihot glaziovii,2015,A,eacmv_tz:mas:mg30:17,eacmv-tz:mas:mg30:17, || east african cassava mosaic virus || begomovirus manihotisafricaense || complete || tanzania || tanzania || manihot glaziovii || 2015 || eacmv-tz:mas:mg30:17
MF067262,,East African cassava mosaic virus,Begomovirus manihotisafricaense,EACMV_TZ:Mas:Mg31:17,DNA A,"East African cassava mosaic virus isolate EACMV_TZ:Mas:Mg31:17 segment DNA A, complete sequence",2801,complete,Tanzania,Tanzania,Manihot glaziovii,2015,A,eacmv_tz:mas:mg31:17,eacmv-tz:mas:mg31:17, || east african cassava mosaic virus || begomovirus manihotisafricaense || complete || tanzania || tanzania || manihot glaziovii || 2015 || eacmv-tz:mas:mg31:17
MF067263,,East African cassava mosaic virus,Begomovirus manihotisafricaense,EACMV_TZ:Kan:Mg35:17,DNA A,"East African cassava mosaic virus isolate EACMV_TZ:Kan:Mg35:17 segment DNA A, complete sequence",2801,complete,Tanzania,Tanzania,Manihot glaziovii,2015,A,eacmv_tz:kan:mg35:17,eacmv-tz:kan:mg35:17, || east african cassava mosaic virus || begomovirus manihotisafricaense || complete || tanzania || tanzania || manihot glaziovii || 2015 || eacmv-tz:kan:mg35:17
MF067264,,East African cassava mosaic virus,Begomovirus manihotisafricaense,EACMV_TZ:Eng:Mg38:17,DNA A,"East African cassava mosaic virus isolate EACMV_TZ:Eng:Mg38:17 segment DNA A, complete sequence",2801,complete,Tanzania,Tanzania,Manihot glaziovii,2015,A,eacmv_tz:eng:mg38:17,eacmv-tz:eng:mg38:17, || east african cassava mosaic virus || begomovirus manihotisafricaense || complete || tanzania || tanzania || manihot glaziovii || 2015 || eacmv-tz:eng:mg38:17
MF067265,,East African cassava mosaic virus,Begomovirus manihotisafricaense,EACMV_TZ:Mam:Mg1:17,DNA A,"East African cassava mosaic virus isolate EACMV_TZ:Mam:Mg1:17 segment DNA A, complete sequence",2814,complete,Tanzania,Tanzania,Manihot glaziovii,2015,A,eacmv_tz:mam:mg1:17,eacmv-tz:mam:mg1:17, || east african cassava mosaic virus || begomovirus manihotisafricaense || complete || tanzania || tanzania || manihot glaziovii || 2015 || eacmv-tz:mam:mg1:17
KT799138,,Deinbollia mosaic virus DB_T0,Begomovirus manihotisafricaense,DB_T0,A,"Deinbollia mosaic virus DB_T0 segment A, complete sequence",2761,complete,Tanzania,Tanzania,,2012-04-20,A,db_t0,db-t0, || deinbollia mosaic virus db_t0 || begomovirus manihotisafricaense || complete || tanzania || tanzania ||  || 2012-04-20 || db-t0
KT780439,,East African cassava mosaic virus - Uganda,Begomovirus manihotisafricaense,GQ:Bioko:GQ006:13,DNA-B,"East African cassava mosaic virus - Uganda isolate GQ:Bioko:GQ006:13 segment DNA-B, complete sequence",2775,complete,Equatorial Guinea,Equatorial Guinea,Manihot esculenta,2013-12-15,B,gq:bioko:gq006:13,gq:bioko:gq006:13, || east african cassava mosaic virus - uganda || begomovirus manihotisafricaense || complete || equatorial guinea || equatorial guinea || manihot esculenta || 2013-12-15 || gq:bioko:gq006:13
KT780440,,East African cassava mosaic virus - Uganda,Begomovirus manihotisafricaense,GQ:Bioko:GQ006:13,DNA-A,"East African cassava mosaic virus - Uganda isolate GQ:Bioko:GQ006:13 segment DNA-A, complete sequence",2798,complete,Equatorial Guinea,Equatorial Guinea,Manihot esculenta,2013-12-15,A,gq:bioko:gq006:13,gq:bioko:gq006:13, || east african cassava mosaic virus - uganda || begomovirus manihotisafricaense || complete || equatorial guinea || equatorial guinea || manihot esculenta || 2013-12-15 || gq:bioko:gq006:13
KM885990,,East African cassava mosaic virus,Begomovirus manihotisafricaense,CF:CF54B:07,B,"East African cassava mosaic virus isolate CF:CF54B:07 segment B, complete sequence",2774,complete,Central African Republic,Central African Republic,Manihot esculenta,2007-08-14,B,cf:cf54b:07,cf:cf54b:07, || east african cassava mosaic virus || begomovirus manihotisafricaense || complete || central african republic || central african republic || manihot esculenta || 2007-08-14 || cf:cf54b:07
KM885991,,East African cassava mosaic virus,Begomovirus manihotisafricaense,CF:CF44B:07,B,"East African cassava mosaic virus isolate CF:CF44B:07 segment B, complete sequence",2774,complete,Central African Republic,Central African Republic,Manihot esculenta,2007-08-13,B,cf:cf44b:07,cf:cf44b:07, || east african cassava mosaic virus || begomovirus manihotisafricaense || complete || central african republic || central african republic || manihot esculenta || 2007-08-13 || cf:cf44b:07
KM885992,,East African cassava mosaic virus,Begomovirus manihotisafricaense,CF:CF553B:07,B,"East African cassava mosaic virus isolate CF:CF553B:07 segment B, complete sequence",2773,complete,Central African Republic,Central African Republic,Manihot esculenta,2007-08-14,B,cf:cf553b:07,cf:cf553b:07, || east african cassava mosaic virus || begomovirus manihotisafricaense || complete || central african republic || central african republic || manihot esculenta || 2007-08-14 || cf:cf553b:07
KM885993,,East African cassava mosaic virus,Begomovirus manihotisafricaense,CF:CF24B:07,B,"East African cassava mosaic virus isolate CF:CF24B:07 segment B, complete sequence",2773,complete,Central African Republic,Central African Republic,Manihot esculenta,2007-08-10,B,cf:cf24b:07,cf:cf24b:07, || east african cassava mosaic virus || begomovirus manihotisafricaense || complete || central african republic || central african republic || manihot esculenta || 2007-08-10 || cf:cf24b:07
KM885994,,East African cassava mosaic virus,Begomovirus manihotisafricaense,CF:CF139BE:07,B,"East African cassava mosaic virus isolate CF:CF139BE:07 segment B, complete sequence",2776,complete,Central African Republic,Central African Republic,Manihot esculenta,2007-08-28,B,cf:cf139be:07,cf:cf139be:07, || east african cassava mosaic virus || begomovirus manihotisafricaense || complete || central african republic || central african republic || manihot esculenta || 2007-08-28 || cf:cf139be:07
KM885995,,East African cassava mosaic virus,Begomovirus manihotisafricaense,TD:TD5BE:08,B,"East African cassava mosaic virus isolate TD:TD5BE:08 segment B, complete sequence",2776,complete,Chad,Chad,Manihot esculenta,2008,B,td:td5be:08,td:td5be:08, || east african cassava mosaic virus || begomovirus manihotisafricaense || complete || chad || chad || manihot esculenta || 2008 || td:td5be:08
KM885996,,East African cassava mosaic virus,Begomovirus manihotisafricaense,CF:CF783B:07,B,"East African cassava mosaic virus isolate CF:CF783B:07 segment B, complete sequence",2774,complete,Central African Republic,Central African Republic,Manihot esculenta,2007-08-19,B,cf:cf783b:07,cf:cf783b:07, || east african cassava mosaic virus || begomovirus manihotisafricaense || complete || central african republic || central african republic || manihot esculenta || 2007-08-19 || cf:cf783b:07
KM885997,,East African cassava mosaic virus,Begomovirus manihotisafricaense,CF:CF351B:08,B,"East African cassava mosaic virus isolate CF:CF351B:08 segment B, complete sequence",2776,complete,Central African Republic,Central African Republic,Manihot esculenta,2008,B,cf:cf351b:08,cf:cf351b:08, || east african cassava mosaic virus || begomovirus manihotisafricaense || complete || central african republic || central african republic || manihot esculenta || 2008 || cf:cf351b:08
KM885998,,East African cassava mosaic virus,Begomovirus manihotisafricaense,CF:CF57BE:07,B,"East African cassava mosaic virus isolate CF:CF57BE:07 segment B, complete sequence",2775,complete,Central African Republic,Central African Republic,Manihot esculenta,2007-08-14,B,cf:cf57be:07,cf:cf57be:07, || east african cassava mosaic virus || begomovirus manihotisafricaense || complete || central african republic || central african republic || manihot esculenta || 2007-08-14 || cf:cf57be:07
KM885999,,East African cassava mosaic virus,Begomovirus manihotisafricaense,CF:CF105BE:07,B,"East African cassava mosaic virus isolate CF:CF105BE:07 segment B, complete sequence",2776,complete,Central African Republic,Central African Republic,Manihot esculenta,2007-08-25,B,cf:cf105be:07,cf:cf105be:07, || east african cassava mosaic virus || begomovirus manihotisafricaense || complete || central african republic || central african republic || manihot esculenta || 2007-08-25 || cf:cf105be:07
KM886000,,East African cassava mosaic virus,Begomovirus manihotisafricaense,CF:CF112BE:07,B,"East African cassava mosaic virus isolate CF:CF112BE:07 segment B, complete sequence",2778,complete,Central African Republic,Central African Republic,Manihot esculenta,2007-08-25,B,cf:cf112be:07,cf:cf112be:07, || east african cassava mosaic virus || begomovirus manihotisafricaense || complete || central african republic || central african republic || manihot esculenta || 2007-08-25 || cf:cf112be:07
KM886001,,East African cassava mosaic virus,Begomovirus manihotisafricaense,CF:CF102BE:07,B,"East African cassava mosaic virus isolate CF:CF102BE:07 segment B, complete sequence",2776,complete,Central African Republic,Central African Republic,Manihot esculenta,2007-08-25,B,cf:cf102be:07,cf:cf102be:07, || east african cassava mosaic virus || begomovirus manihotisafricaense || complete || central african republic || central african republic || manihot esculenta || 2007-08-25 || cf:cf102be:07
KM886002,,East African cassava mosaic virus,Begomovirus manihotisafricaense,CF:CF150BE:07,B,"East African cassava mosaic virus isolate CF:CF150BE:07 segment B, complete sequence",2775,complete,Central African Republic,Central African Republic,Manihot esculenta,2007-08-30,B,cf:cf150be:07,cf:cf150be:07, || east african cassava mosaic virus || begomovirus manihotisafricaense || complete || central african republic || central african republic || manihot esculenta || 2007-08-30 || cf:cf150be:07
KM886003,,East African cassava mosaic virus,Begomovirus manihotisafricaense,CF:CF1223B:07,B,"East African cassava mosaic virus isolate CF:CF1223B:07 segment B, complete sequence",2775,complete,Central African Republic,Central African Republic,Manihot esculenta,2007-08-26,B,cf:cf1223b:07,cf:cf1223b:07, || east african cassava mosaic virus || begomovirus manihotisafricaense || complete || central african republic || central african republic || manihot esculenta || 2007-08-26 || cf:cf1223b:07
KM886004,,East African cassava mosaic virus,Begomovirus manihotisafricaense,CF:CF30B:07,B,"East African cassava mosaic virus isolate CF:CF30B:07 segment B, complete sequence",2774,complete,Central African Republic,Central African Republic,Manihot esculenta,2007-08-10,B,cf:cf30b:07,cf:cf30b:07, || east african cassava mosaic virus || begomovirus manihotisafricaense || complete || central african republic || central african republic || manihot esculenta || 2007-08-10 || cf:cf30b:07
KM886005,,East African cassava mosaic virus,Begomovirus manihotisafricaense,CF:CF140BE:07,B,"East African cassava mosaic virus isolate CF:CF140BE:07 segment B, complete sequence",2775,complete,Central African Republic,Central African Republic,Manihot esculenta,2007-08-29,B,cf:cf140be:07,cf:cf140be:07, || east african cassava mosaic virus || begomovirus manihotisafricaense || complete || central african republic || central african republic || manihot esculenta || 2007-08-29 || cf:cf140be:07
KJ887964,,East African cassava mosaic virus,Begomovirus manihotisafricaense,MG:MG242A3:10,A,"East African cassava mosaic virus isolate MG:MG242A3:10 segment A, complete sequence",2801,complete,Madagascar,Madagascar,Manihot esculenta,2010-04-28,A,mg:mg242a3:10,mg:mg242a3:10, || east african cassava mosaic virus || begomovirus manihotisafricaense || complete || madagascar || madagascar || manihot esculenta || 2010-04-28 || mg:mg242a3:10
HG530112,,East African cassava mosaic virus,Begomovirus manihotisafricaense,KE:mtw:CMD-MI85:12,DNA A,"East African cassava mosaic virus DNA A complete sequence, isolate KE:mtw:CMD-MI85:12",2799,complete,Kenya:Mtwapa,Kenya,Manihot esculenta,2012,A,ke:mtw:cmd-mi85:12,ke:mtw:cmd-mi85:12, || east african cassava mosaic virus || begomovirus manihotisafricaense || complete || kenya:mtwapa || kenya || manihot esculenta || 2012 || ke:mtw:cmd-mi85:12
HG530113,,East African cassava mosaic virus,Begomovirus manihotisafricaense,KE:mtw:CMD-MI88:12,DNA A,"East African cassava mosaic virus DNA A complete sequence, isolate KE:mtw:CMD-MI88:12",2799,complete,Kenya:Mtwapa,Kenya,Manihot esculenta,2012,A,ke:mtw:cmd-mi88:12,ke:mtw:cmd-mi88:12, || east african cassava mosaic virus || begomovirus manihotisafricaense || complete || kenya:mtwapa || kenya || manihot esculenta || 2012 || ke:mtw:cmd-mi88:12
HG530114,,East African cassava mosaic virus,Begomovirus manihotisafricaense,KE:mtw:CMD-MI96:12,DNA A,"East African cassava mosaic virus DNA A complete sequence, isolate KE:mtw:CMD-MI96:12",2799,complete,Kenya:Mtwapa,Kenya,Manihot esculenta,2012,A,ke:mtw:cmd-mi96:12,ke:mtw:cmd-mi96:12, || east african cassava mosaic virus || begomovirus manihotisafricaense || complete || kenya:mtwapa || kenya || manihot esculenta || 2012 || ke:mtw:cmd-mi96:12
HG530115,,East African cassava mosaic virus,Begomovirus manihotisafricaense,KE:mtw:CMD-MI93:12,DNA A,"East African cassava mosaic virus DNA A complete sequence, isolate KE:mtw:CMD-MI93:12",2799,complete,Kenya:Mtwapa,Kenya,Manihot esculenta,2012,A,ke:mtw:cmd-mi93:12,ke:mtw:cmd-mi93:12, || east african cassava mosaic virus || begomovirus manihotisafricaense || complete || kenya:mtwapa || kenya || manihot esculenta || 2012 || ke:mtw:cmd-mi93:12
HG530116,,East African cassava mosaic virus,Begomovirus manihotisafricaense,KE:mtw:CMD-MI95:12,DNA A,"East African cassava mosaic virus DNA A complete sequence, isolate KE:mtw:CMD-MI95:12",2800,complete,Kenya:Mtwapa,Kenya,Manihot esculenta,2012,A,ke:mtw:cmd-mi95:12,ke:mtw:cmd-mi95:12, || east african cassava mosaic virus || begomovirus manihotisafricaense || complete || kenya:mtwapa || kenya || manihot esculenta || 2012 || ke:mtw:cmd-mi95:12
JX658692,,East African cassava mosaic virus,Begomovirus manihotisafricaense,,,"UNVERIFIED: East African cassava mosaic virus clone EACMV[MA:07:26N] AV2-like (AV2), CP-like (AV1), REn-like (AC3), and TrAP-like genes, complete sequence; and Rep gene, complete cds",2803,complete,Malawi,Malawi,Manihot esculenta,,UNKNOWN,,, || east african cassava mosaic virus || begomovirus manihotisafricaense || complete || malawi || malawi || manihot esculenta ||  || 
JX679247,,East African cassava mosaic virus,Begomovirus manihotisafricaense,,DNA-B,"East African cassava mosaic virus clone EACMV[MA;4N;07]B segment DNA-B, complete sequence",2758,complete,Malawi,Malawi,Manihot esculenta,,B,,, || east african cassava mosaic virus || begomovirus manihotisafricaense || complete || malawi || malawi || manihot esculenta ||  || 
JX473582,,East African cassava mosaic virus,Begomovirus manihotisafricaense,,,"East African cassava mosaic virus strain Malawi/2007/8N, complete sequence",2798,complete,Malawi,Malawi,,2007,UNKNOWN,,, || east african cassava mosaic virus || begomovirus manihotisafricaense || complete || malawi || malawi ||  || 2007 || 
HE979769,,East African cassava mosaic virus,Begomovirus manihotisafricaense,EACMV-UG[UG:Nam:CMD-MI13:12],DNA-A,"East African cassava mosaic virus segment DNA-A, isolate EACMV-UG[UG:Nam:CMD-MI13:12], complete genome",2799,complete,Uganda:Namulonge,Uganda,Manihot esculenta,2012,A,eacmv-ug[ug:nam:cmd-mi13:12],eacmv-ug[ug:nam:cmd-mi13:12], || east african cassava mosaic virus || begomovirus manihotisafricaense || complete || uganda:namulonge || uganda || manihot esculenta || 2012 || eacmv-ug[ug:nam:cmd-mi13:12]
HE979770,,East African cassava mosaic virus,Begomovirus manihotisafricaense,EACMV-UG[UG:Nam:CMD-MI40:12],DNA-A,"East African cassava mosaic virus segment DNA-A, isolate EACMV-UG[UG:Nam:CMD-MI40:12], complete genome",2799,complete,Uganda:Namulonge,Uganda,Manihot esculenta,2012,A,eacmv-ug[ug:nam:cmd-mi40:12],eacmv-ug[ug:nam:cmd-mi40:12], || east african cassava mosaic virus || begomovirus manihotisafricaense || complete || uganda:namulonge || uganda || manihot esculenta || 2012 || eacmv-ug[ug:nam:cmd-mi40:12]
HE979771,,East African cassava mosaic virus,Begomovirus manihotisafricaense,EACMV-UG[UG:Nam:CMD-MI48:12],DNA-A,"East African cassava mosaic virus segment DNA-A, isolate EACMV-UG[UG:Nam:CMD-MI48:12], complete genome",2799,complete,Uganda:Namulonge,Uganda,Manihot esculenta,2012,A,eacmv-ug[ug:nam:cmd-mi48:12],eacmv-ug[ug:nam:cmd-mi48:12], || east african cassava mosaic virus || begomovirus manihotisafricaense || complete || uganda:namulonge || uganda || manihot esculenta || 2012 || eacmv-ug[ug:nam:cmd-mi48:12]
HE979772,,East African cassava mosaic virus,Begomovirus manihotisafricaense,EACMV-UG[UG:Nam:CMD-MI53:12],DNA-A,"East African cassava mosaic virus segment DNA-A, isolate EACMV-UG[UG:Nam:CMD-MI53:12], complete genome",2799,complete,Uganda:Namulonge,Uganda,Manihot esculenta,2012,A,eacmv-ug[ug:nam:cmd-mi53:12],eacmv-ug[ug:nam:cmd-mi53:12], || east african cassava mosaic virus || begomovirus manihotisafricaense || complete || uganda:namulonge || uganda || manihot esculenta || 2012 || eacmv-ug[ug:nam:cmd-mi53:12]
HE979773,,East African cassava mosaic virus,Begomovirus manihotisafricaense,EACMV-UG[UG:Nam:CMD-MI54:12],DNA-A,"East African cassava mosaic virus segment DNA-A, isolate EACMV-UG[UG:Nam:CMD-MI54:12], complete genome",2799,complete,Uganda:Namulonge,Uganda,Manihot esculenta,2012,A,eacmv-ug[ug:nam:cmd-mi54:12],eacmv-ug[ug:nam:cmd-mi54:12], || east african cassava mosaic virus || begomovirus manihotisafricaense || complete || uganda:namulonge || uganda || manihot esculenta || 2012 || eacmv-ug[ug:nam:cmd-mi54:12]
HE979774,,East African cassava mosaic virus,Begomovirus manihotisafricaense,EACMV-UG[UG:Nam:CMD-MI62:12],DNA-A,"East African cassava mosaic virus segment DNA-A, isolate EACMV-UG[UG:Nam:CMD-MI62:12], complete genome",2800,complete,Uganda:Namulonge,Uganda,Manihot esculenta,2012,A,eacmv-ug[ug:nam:cmd-mi62:12],eacmv-ug[ug:nam:cmd-mi62:12], || east african cassava mosaic virus || begomovirus manihotisafricaense || complete || uganda:namulonge || uganda || manihot esculenta || 2012 || eacmv-ug[ug:nam:cmd-mi62:12]
HE979775,,East African cassava mosaic virus,Begomovirus manihotisafricaense,EACMV-UG[UG:Nam:CMD-MI63:12],DNA-A,"East African cassava mosaic virus segment DNA-A, isolate EACMV-UG[UG:Nam:CMD-MI63:12], complete genome",2800,complete,Uganda:Namulonge,Uganda,Manihot esculenta,2012,A,eacmv-ug[ug:nam:cmd-mi63:12],eacmv-ug[ug:nam:cmd-mi63:12], || east african cassava mosaic virus || begomovirus manihotisafricaense || complete || uganda:namulonge || uganda || manihot esculenta || 2012 || eacmv-ug[ug:nam:cmd-mi63:12]
HE979776,,East African cassava mosaic virus,Begomovirus manihotisafricaense,EACMV-UG[UG:Nam:CMD-MI39:12]DNA-B,DNA-B,"East African cassava mosaic virus segment DNA-B, isolate EACMV-UG[UG:Nam:CMD-MI39:12]DNA-B, complete genome",2773,complete,Uganda:Namulonge,Uganda,Manihot esculenta,2012,B,eacmv-ug[ug:nam:cmd-mi39:12]dna-b,eacmv-ug[ug:nam:cmd-mi39:12]dna, || east african cassava mosaic virus || begomovirus manihotisafricaense || complete || uganda:namulonge || uganda || manihot esculenta || 2012 || eacmv-ug[ug:nam:cmd-mi39:12]dna
HE979777,,East African cassava mosaic virus,Begomovirus manihotisafricaense,EACMV-UG[UG:Nam:CMD-MI56:12]DNA-B,DNA-B,"East African cassava mosaic virus segment DNA-B, isolate EACMV-UG[UG:Nam:CMD-MI56:12]DNA-B, complete genome",2773,complete,Uganda:Namulonge,Uganda,Manihot esculenta,2012,B,eacmv-ug[ug:nam:cmd-mi56:12]dna-b,eacmv-ug[ug:nam:cmd-mi56:12]dna, || east african cassava mosaic virus || begomovirus manihotisafricaense || complete || uganda:namulonge || uganda || manihot esculenta || 2012 || eacmv-ug[ug:nam:cmd-mi56:12]dna
HE979778,,East African cassava mosaic virus,Begomovirus manihotisafricaense,EACMV-UG[UG:Nam:CMD-MI61:12]DNA-B,DNA-B,"East African cassava mosaic virus segment DNA-B, isolate EACMV-UG[UG:Nam:CMD-MI61:12]DNA-B, complete genome",2775,complete,Uganda:Namulonge,Uganda,Manihot esculenta,2012,B,eacmv-ug[ug:nam:cmd-mi61:12]dna-b,eacmv-ug[ug:nam:cmd-mi61:12]dna, || east african cassava mosaic virus || begomovirus manihotisafricaense || complete || uganda:namulonge || uganda || manihot esculenta || 2012 || eacmv-ug[ug:nam:cmd-mi61:12]dna
HE979779,,East African cassava mosaic virus,Begomovirus manihotisafricaense,EACMV-UG[UG:Nam:CMD-MI44:12]DNA-B,DNA-B,"East African cassava mosaic virus segment DNA-B, isolate EACMV-UG[UG:Nam:CMD-MI44:12]DNA-B, complete genome",2755,complete,Uganda:Namulonge,Uganda,Manihot esculenta,2012,B,eacmv-ug[ug:nam:cmd-mi44:12]dna-b,eacmv-ug[ug:nam:cmd-mi44:12]dna, || east african cassava mosaic virus || begomovirus manihotisafricaense || complete || uganda:namulonge || uganda || manihot esculenta || 2012 || eacmv-ug[ug:nam:cmd-mi44:12]dna
HE979780,,East African cassava mosaic virus,Begomovirus manihotisafricaense,EACMV-UG[UG:Nam:CMD-MI52:12]DNA-B,DNA-B,"East African cassava mosaic virus segment DNA-B, isolate EACMV-UG[UG:Nam:CMD-MI52:12]DNA-B, complete genome",2773,complete,Uganda:Namulonge,Uganda,Manihot esculenta,2012,B,eacmv-ug[ug:nam:cmd-mi52:12]dna-b,eacmv-ug[ug:nam:cmd-mi52:12]dna, || east african cassava mosaic virus || begomovirus manihotisafricaense || complete || uganda:namulonge || uganda || manihot esculenta || 2012 || eacmv-ug[ug:nam:cmd-mi52:12]dna
JX910240,,East African cassava mosaic virus-Congo,Begomovirus manihotisafricaense,,DNA-A,"East African cassava mosaic virus-Congo segment DNA-A, complete sequence",2798,complete,Republic of the Congo,Republic of the Congo,Manihot esculenta,2012-06-08,A,,, || east african cassava mosaic virus-congo || begomovirus manihotisafricaense || complete || republic of the congo || republic of the congo || manihot esculenta || 2012-06-08 || 
JN941177,,East African cassava mosaic virus,Begomovirus manihotisafricaense,AO7,A,"East African cassava mosaic virus isolate AO7 segment A, complete sequence",2799,complete,Angola,Angola,Manihot esculenta,2009-01-08,A,ao7,ao7, || east african cassava mosaic virus || begomovirus manihotisafricaense || complete || angola || angola || manihot esculenta || 2009-01-08 || ao7
JF909063,,East African cassava mosaic virus-Kenya,Begomovirus manihotisafricaense,Comoros:Anjouan:AJ01B07:2004,DNA-A,"East African cassava mosaic virus-Kenya isolate Comoros:Anjouan:AJ01B07:2004 segment DNA-A, complete sequence",2802,complete,Comoros: Anjouan,Comoros,Manihot esculenta,2004,A,comoros:anjouan:aj01b07:2004,comoros:anjouan:aj01b07:2004, || east african cassava mosaic virus-kenya || begomovirus manihotisafricaense || complete || comoros: anjouan || comoros || manihot esculenta || 2004 || comoros:anjouan:aj01b07:2004
JF909064,,East African cassava mosaic virus-Kenya,Begomovirus manihotisafricaense,Comoros:Anjouan:AJ02B00:2004,DNA-A,"East African cassava mosaic virus-Kenya isolate Comoros:Anjouan:AJ02B00:2004 segment DNA-A, complete sequence",2802,complete,Comoros: Anjouan,Comoros,Manihot esculenta,2004,A,comoros:anjouan:aj02b00:2004,comoros:anjouan:aj02b00:2004, || east african cassava mosaic virus-kenya || begomovirus manihotisafricaense || complete || comoros: anjouan || comoros || manihot esculenta || 2004 || comoros:anjouan:aj02b00:2004
JF909065,,East African cassava mosaic virus-Kenya,Begomovirus manihotisafricaense,Comoros:Anjouan:AJ02B37:2004,DNA-A,"East African cassava mosaic virus-Kenya isolate Comoros:Anjouan:AJ02B37:2004 segment DNA-A, complete sequence",2801,complete,Comoros: Anjouan,Comoros,Manihot esculenta,2004,A,comoros:anjouan:aj02b37:2004,comoros:anjouan:aj02b37:2004, || east african cassava mosaic virus-kenya || begomovirus manihotisafricaense || complete || comoros: anjouan || comoros || manihot esculenta || 2004 || comoros:anjouan:aj02b37:2004
JF909066,,East African cassava mosaic virus-Kenya,Begomovirus manihotisafricaense,Comoros:Anjouan:AJ03B00:2004,DNA-A,"East African cassava mosaic virus-Kenya isolate Comoros:Anjouan:AJ03B00:2004 segment DNA-A, complete sequence",2801,complete,Comoros: Anjouan,Comoros,Manihot esculenta,2004,A,comoros:anjouan:aj03b00:2004,comoros:anjouan:aj03b00:2004, || east african cassava mosaic virus-kenya || begomovirus manihotisafricaense || complete || comoros: anjouan || comoros || manihot esculenta || 2004 || comoros:anjouan:aj03b00:2004
JF909067,,East African cassava mosaic virus-Kenya,Begomovirus manihotisafricaense,Comoros:Anjouan:AJ03B11:2004,DNA-A,"East African cassava mosaic virus-Kenya isolate Comoros:Anjouan:AJ03B11:2004 segment DNA-A, complete sequence",2801,complete,Comoros: Anjouan,Comoros,Manihot esculenta,2004,A,comoros:anjouan:aj03b11:2004,comoros:anjouan:aj03b11:2004, || east african cassava mosaic virus-kenya || begomovirus manihotisafricaense || complete || comoros: anjouan || comoros || manihot esculenta || 2004 || comoros:anjouan:aj03b11:2004
JF909068,,East African cassava mosaic virus-Kenya,Begomovirus manihotisafricaense,Comoros:Anjouan:AJ04B16:2004,DNA-A,"East African cassava mosaic virus-Kenya isolate Comoros:Anjouan:AJ04B16:2004 segment DNA-A, complete sequence",2801,complete,Comoros: Anjouan,Comoros,Manihot esculenta,2004,A,comoros:anjouan:aj04b16:2004,comoros:anjouan:aj04b16:2004, || east african cassava mosaic virus-kenya || begomovirus manihotisafricaense || complete || comoros: anjouan || comoros || manihot esculenta || 2004 || comoros:anjouan:aj04b16:2004
JF909069,,East African cassava mosaic virus-Kenya,Begomovirus manihotisafricaense,Comoros:Anjouan:AJ06B21:2004,DNA-A,"East African cassava mosaic virus-Kenya isolate Comoros:Anjouan:AJ06B21:2004 segment DNA-A, complete sequence",2801,complete,Comoros: Anjouan,Comoros,Manihot esculenta,2004,A,comoros:anjouan:aj06b21:2004,comoros:anjouan:aj06b21:2004, || east african cassava mosaic virus-kenya || begomovirus manihotisafricaense || complete || comoros: anjouan || comoros || manihot esculenta || 2004 || comoros:anjouan:aj06b21:2004
JF909070,,East African cassava mosaic virus-Kenya,Begomovirus manihotisafricaense,Comoros:Anjouan:AJ07B00:2004,DNA-A,"East African cassava mosaic virus-Kenya isolate Comoros:Anjouan:AJ07B00:2004 segment DNA-A, complete sequence",2801,complete,Comoros: Anjouan,Comoros,Manihot esculenta,2004,A,comoros:anjouan:aj07b00:2004,comoros:anjouan:aj07b00:2004, || east african cassava mosaic virus-kenya || begomovirus manihotisafricaense || complete || comoros: anjouan || comoros || manihot esculenta || 2004 || comoros:anjouan:aj07b00:2004
JF909071,,East African cassava mosaic virus-Kenya,Begomovirus manihotisafricaense,Comoros:Anjouan:AJ07B26:2003,DNA-A,"East African cassava mosaic virus-Kenya isolate Comoros:Anjouan:AJ07B26:2003 segment DNA-A, complete sequence",2801,complete,Comoros: Anjouan,Comoros,Manihot esculenta,2003,A,comoros:anjouan:aj07b26:2003,comoros:anjouan:aj07b26:2003, || east african cassava mosaic virus-kenya || begomovirus manihotisafricaense || complete || comoros: anjouan || comoros || manihot esculenta || 2003 || comoros:anjouan:aj07b26:2003
JF909072,,East African cassava mosaic virus-Kenya,Begomovirus manihotisafricaense,Comoros:Anjouan:AJ10B00:2005,DNA-A,"East African cassava mosaic virus-Kenya isolate Comoros:Anjouan:AJ10B00:2005 segment DNA-A, complete sequence",2801,complete,Comoros: Anjouan,Comoros,Manihot esculenta,2005,A,comoros:anjouan:aj10b00:2005,comoros:anjouan:aj10b00:2005, || east african cassava mosaic virus-kenya || begomovirus manihotisafricaense || complete || comoros: anjouan || comoros || manihot esculenta || 2005 || comoros:anjouan:aj10b00:2005
JF909073,,East African cassava mosaic virus-Kenya,Begomovirus manihotisafricaense,Comoros:Anjouan:AJ18BW3:2009,DNA-A,"East African cassava mosaic virus-Kenya isolate Comoros:Anjouan:AJ18BW3:2009 segment DNA-A, complete sequence",2801,complete,Comoros: Anjouan,Comoros,Manihot esculenta,2009,A,comoros:anjouan:aj18bw3:2009,comoros:anjouan:aj18bw3:2009, || east african cassava mosaic virus-kenya || begomovirus manihotisafricaense || complete || comoros: anjouan || comoros || manihot esculenta || 2009 || comoros:anjouan:aj18bw3:2009
JF909074,,East African cassava mosaic virus-Kenya,Begomovirus manihotisafricaense,Comoros:Anjouan:AJ21AL3:2009,DNA-A,"East African cassava mosaic virus-Kenya isolate Comoros:Anjouan:AJ21AL3:2009 segment DNA-A, complete sequence",2800,complete,Comoros: Anjouan,Comoros,Manihot esculenta,2009,A,comoros:anjouan:aj21al3:2009,comoros:anjouan:aj21al3:2009, || east african cassava mosaic virus-kenya || begomovirus manihotisafricaense || complete || comoros: anjouan || comoros || manihot esculenta || 2009 || comoros:anjouan:aj21al3:2009
JF909075,,East African cassava mosaic virus-Kenya,Begomovirus manihotisafricaense,Comoros:Anjouan:AJ26BP1:2009,DNA-A,"East African cassava mosaic virus-Kenya isolate Comoros:Anjouan:AJ26BP1:2009 segment DNA-A, complete sequence",2801,complete,Comoros: Anjouan,Comoros,Manihot esculenta,2009,A,comoros:anjouan:aj26bp1:2009,comoros:anjouan:aj26bp1:2009, || east african cassava mosaic virus-kenya || begomovirus manihotisafricaense || complete || comoros: anjouan || comoros || manihot esculenta || 2009 || comoros:anjouan:aj26bp1:2009
JF909076,,East African cassava mosaic virus-Kenya,Begomovirus manihotisafricaense,Comoros:Anjouan:AJ29BE2:2009,DNA-A,"East African cassava mosaic virus-Kenya isolate Comoros:Anjouan:AJ29BE2:2009 segment DNA-A, complete sequence",2801,complete,Comoros: Anjouan,Comoros,Manihot esculenta,2009,A,comoros:anjouan:aj29be2:2009,comoros:anjouan:aj29be2:2009, || east african cassava mosaic virus-kenya || begomovirus manihotisafricaense || complete || comoros: anjouan || comoros || manihot esculenta || 2009 || comoros:anjouan:aj29be2:2009
JF909077,,East African cassava mosaic virus-Kenya,Begomovirus manihotisafricaense,Comoros:Anjouan:AJ32BT2:2009,DNA-A,"East African cassava mosaic virus-Kenya isolate Comoros:Anjouan:AJ32BT2:2009 segment DNA-A, complete sequence",2765,complete,Comoros: Anjouan,Comoros,Manihot esculenta,2009,A,comoros:anjouan:aj32bt2:2009,comoros:anjouan:aj32bt2:2009, || east african cassava mosaic virus-kenya || begomovirus manihotisafricaense || complete || comoros: anjouan || comoros || manihot esculenta || 2009 || comoros:anjouan:aj32bt2:2009
JF909082,,East African cassava mosaic virus-Kenya,Begomovirus manihotisafricaense,Comoros:Grande-Comore:GC05B25:2008,DNA-A,"East African cassava mosaic virus-Kenya isolate Comoros:Grande-Comore:GC05B25:2008 segment DNA-A, complete sequence",2802,complete,Comoros: Grande-Comore,Comoros,Manihot esculenta,2008,A,comoros:grande-comore:gc05b25:2008,comoros:grande-comore:gc05b25:2008, || east african cassava mosaic virus-kenya || begomovirus manihotisafricaense || complete || comoros: grande-comore || comoros || manihot esculenta || 2008 || comoros:grande-comore:gc05b25:2008
JF909084,,East African cassava mosaic virus-Kenya,Begomovirus manihotisafricaense,Comoros:Grande-Comore:GC09B29:2008,DNA-A,"East African cassava mosaic virus-Kenya isolate Comoros:Grande-Comore:GC09B29:2008 segment DNA-A, complete sequence",2801,complete,Comoros: Grande-Comore,Comoros,Manihot esculenta,2008,A,comoros:grande-comore:gc09b29:2008,comoros:grande-comore:gc09b29:2008, || east african cassava mosaic virus-kenya || begomovirus manihotisafricaense || complete || comoros: grande-comore || comoros || manihot esculenta || 2008 || comoros:grande-comore:gc09b29:2008
JF909090,,East African cassava mosaic virus-Kenya,Begomovirus manihotisafricaense,Comoros:Grande-Comore:GC12B61:2008,DNA-A,"East African cassava mosaic virus-Kenya isolate Comoros:Grande-Comore:GC12B61:2008 segment DNA-A, complete sequence",2802,complete,Comoros: Grande-Comore,Comoros,Manihot esculenta,2008,A,comoros:grande-comore:gc12b61:2008,comoros:grande-comore:gc12b61:2008, || east african cassava mosaic virus-kenya || begomovirus manihotisafricaense || complete || comoros: grande-comore || comoros || manihot esculenta || 2008 || comoros:grande-comore:gc12b61:2008
JF909092,,East African cassava mosaic virus-Kenya,Begomovirus manihotisafricaense,Comoros:Grande-Comore:GC14E06:2008,DNA-A,"East African cassava mosaic virus-Kenya isolate Comoros:Grande-Comore:GC14E06:2008 segment DNA-A, complete sequence",2801,complete,Comoros: Grande-Comore,Comoros,Manihot esculenta,2008,A,comoros:grande-comore:gc14e06:2008,comoros:grande-comore:gc14e06:2008, || east african cassava mosaic virus-kenya || begomovirus manihotisafricaense || complete || comoros: grande-comore || comoros || manihot esculenta || 2008 || comoros:grande-comore:gc14e06:2008
JF909096,,East African cassava mosaic virus-Kenya,Begomovirus manihotisafricaense,Comoros:Grande-Comore:GC18B00:2005,DNA-A,"East African cassava mosaic virus-Kenya isolate Comoros:Grande-Comore:GC18B00:2005 segment DNA-A, complete sequence",2801,complete,Comoros: Grande-Comore,Comoros,Manihot esculenta,2005,A,comoros:grande-comore:gc18b00:2005,comoros:grande-comore:gc18b00:2005, || east african cassava mosaic virus-kenya || begomovirus manihotisafricaense || complete || comoros: grande-comore || comoros || manihot esculenta || 2005 || comoros:grande-comore:gc18b00:2005
JF909097,,East African cassava mosaic virus-Kenya,Begomovirus manihotisafricaense,Comoros:Grande-Comore:GC20B00:2004,DNA-A,"East African cassava mosaic virus-Kenya isolate Comoros:Grande-Comore:GC20B00:2004 segment DNA-A, complete sequence",2802,complete,Comoros: Grande-Comore,Comoros,Manihot esculenta,2004,A,comoros:grande-comore:gc20b00:2004,comoros:grande-comore:gc20b00:2004, || east african cassava mosaic virus-kenya || begomovirus manihotisafricaense || complete || comoros: grande-comore || comoros || manihot esculenta || 2004 || comoros:grande-comore:gc20b00:2004
JF909099,,East African cassava mosaic virus-Kenya,Begomovirus manihotisafricaense,Comoros:Grande-Comore:GC22AY2:2004,DNA-A,"East African cassava mosaic virus-Kenya isolate Comoros:Grande-Comore:GC22AY2:2004 segment DNA-A, complete sequence",2801,complete,Comoros: Grande-Comore,Comoros,Manihot esculenta,2004,A,comoros:grande-comore:gc22ay2:2004,comoros:grande-comore:gc22ay2:2004, || east african cassava mosaic virus-kenya || begomovirus manihotisafricaense || complete || comoros: grande-comore || comoros || manihot esculenta || 2004 || comoros:grande-comore:gc22ay2:2004
JF909106,,East African cassava mosaic virus-Kenya,Begomovirus manihotisafricaense,Comoros:Grande-Comore:GC30BP1:2009,DNA-A,"East African cassava mosaic virus-Kenya isolate Comoros:Grande-Comore:GC30BP1:2009 segment DNA-A, complete sequence",2801,complete,Comoros: Grande-Comore,Comoros,Manihot esculenta,2009,A,comoros:grande-comore:gc30bp1:2009,comoros:grande-comore:gc30bp1:2009, || east african cassava mosaic virus-kenya || begomovirus manihotisafricaense || complete || comoros: grande-comore || comoros || manihot esculenta || 2009 || comoros:grande-comore:gc30bp1:2009
JF909110,,East African cassava mosaic virus-Kenya,Begomovirus manihotisafricaense,Comoros:Grande-Comore:GC32AF2:2009,DNA-A,"East African cassava mosaic virus-Kenya isolate Comoros:Grande-Comore:GC32AF2:2009 segment DNA-A, complete sequence",2801,complete,Comoros: Grande-Comore,Comoros,Manihot esculenta,2009,A,comoros:grande-comore:gc32af2:2009,comoros:grande-comore:gc32af2:2009, || east african cassava mosaic virus-kenya || begomovirus manihotisafricaense || complete || comoros: grande-comore || comoros || manihot esculenta || 2009 || comoros:grande-comore:gc32af2:2009
JF909111,,East African cassava mosaic virus-Kenya,Begomovirus manihotisafricaense,Comoros:Grande-Comore:GC32BY1:2010,DNA-A,"East African cassava mosaic virus-Kenya isolate Comoros:Grande-Comore:GC32BY1:2010 segment DNA-A, complete sequence",2801,complete,Comoros: Grande-Comore,Comoros,Manihot esculenta,2010,A,comoros:grande-comore:gc32by1:2010,comoros:grande-comore:gc32by1:2010, || east african cassava mosaic virus-kenya || begomovirus manihotisafricaense || complete || comoros: grande-comore || comoros || manihot esculenta || 2010 || comoros:grande-comore:gc32by1:2010
JF909115,,East African cassava mosaic virus-Kenya,Begomovirus manihotisafricaense,Comoros:Grande-Comore:GC36BI2:2009,DNA-A,"East African cassava mosaic virus-Kenya isolate Comoros:Grande-Comore:GC36BI2:2009 segment DNA-A, complete sequence",2801,complete,Comoros: Grande-Comore,Comoros,Manihot esculenta,2009,A,comoros:grande-comore:gc36bi2:2009,comoros:grande-comore:gc36bi2:2009, || east african cassava mosaic virus-kenya || begomovirus manihotisafricaense || complete || comoros: grande-comore || comoros || manihot esculenta || 2009 || comoros:grande-comore:gc36bi2:2009
JF909118,,East African cassava mosaic virus-Kenya,Begomovirus manihotisafricaense,Comoros:Grande-Comore:GC43AO3:2009,DNA-A,"East African cassava mosaic virus-Kenya isolate Comoros:Grande-Comore:GC43AO3:2009 segment DNA-A, complete sequence",2801,complete,Comoros: Grande-Comore,Comoros,Manihot esculenta,2009,A,comoros:grande-comore:gc43ao3:2009,comoros:grande-comore:gc43ao3:2009, || east african cassava mosaic virus-kenya || begomovirus manihotisafricaense || complete || comoros: grande-comore || comoros || manihot esculenta || 2009 || comoros:grande-comore:gc43ao3:2009
JF909119,,East African cassava mosaic virus-Kenya,Begomovirus manihotisafricaense,Comoros:Grande-Comore:GC45AI1:2009,DNA-A,"East African cassava mosaic virus-Kenya isolate Comoros:Grande-Comore:GC45AI1:2009 segment DNA-A, complete sequence",2801,complete,Comoros: Grande-Comore,Comoros,Manihot esculenta,2009,A,comoros:grande-comore:gc45ai1:2009,comoros:grande-comore:gc45ai1:2009, || east african cassava mosaic virus-kenya || begomovirus manihotisafricaense || complete || comoros: grande-comore || comoros || manihot esculenta || 2009 || comoros:grande-comore:gc45ai1:2009
JF909120,,East African cassava mosaic virus-Kenya,Begomovirus manihotisafricaense,Comoros:Grande-Comore:GC47AX3:2009,DNA-A,"East African cassava mosaic virus-Kenya isolate Comoros:Grande-Comore:GC47AX3:2009 segment DNA-A, complete sequence",2801,complete,Comoros: Grande-Comore,Comoros,Manihot esculenta,2009,A,comoros:grande-comore:gc47ax3:2009,comoros:grande-comore:gc47ax3:2009, || east african cassava mosaic virus-kenya || begomovirus manihotisafricaense || complete || comoros: grande-comore || comoros || manihot esculenta || 2009 || comoros:grande-comore:gc47ax3:2009
JF909121,,East African cassava mosaic virus-Kenya,Begomovirus manihotisafricaense,Comoros:Grande-Comore:GC47BZ2:2009,DNA-A,"East African cassava mosaic virus-Kenya isolate Comoros:Grande-Comore:GC47BZ2:2009 segment DNA-A, complete sequence",2801,complete,Comoros: Grande-Comore,Comoros,Manihot esculenta,2009,A,comoros:grande-comore:gc47bz2:2009,comoros:grande-comore:gc47bz2:2009, || east african cassava mosaic virus-kenya || begomovirus manihotisafricaense || complete || comoros: grande-comore || comoros || manihot esculenta || 2009 || comoros:grande-comore:gc47bz2:2009
JF909131,,East African cassava mosaic virus-Kenya,Begomovirus manihotisafricaense,Comoros:Moheli:MO09AR2:2009,DNA-A,"East African cassava mosaic virus-Kenya isolate Comoros:Moheli:MO09AR2:2009 segment DNA-A, complete sequence",2801,complete,Comoros: Moheli,Comoros,Manihot esculenta,2009,A,comoros:moheli:mo09ar2:2009,comoros:moheli:mo09ar2:2009, || east african cassava mosaic virus-kenya || begomovirus manihotisafricaense || complete || comoros: moheli || comoros || manihot esculenta || 2009 || comoros:moheli:mo09ar2:2009
JF909133,,East African cassava mosaic virus-Kenya,Begomovirus manihotisafricaense,Comoros:Moheli:MO10BN3:2009,DNA-A,"East African cassava mosaic virus-Kenya isolate Comoros:Moheli:MO10BN3:2009 segment DNA-A, complete sequence",2800,complete,Comoros: Moheli,Comoros,Manihot esculenta,2009,A,comoros:moheli:mo10bn3:2009,comoros:moheli:mo10bn3:2009, || east african cassava mosaic virus-kenya || begomovirus manihotisafricaense || complete || comoros: moheli || comoros || manihot esculenta || 2009 || comoros:moheli:mo10bn3:2009
JF909139,,East African cassava mosaic virus-Kenya,Begomovirus manihotisafricaense,Comoros:Moheli:MO15AZ1:2009,DNA-A,"East African cassava mosaic virus-Kenya isolate Comoros:Moheli:MO15AZ1:2009 segment DNA-A, complete sequence",2800,complete,Comoros: Moheli,Comoros,Manihot esculenta,2009,A,comoros:moheli:mo15az1:2009,comoros:moheli:mo15az1:2009, || east african cassava mosaic virus-kenya || begomovirus manihotisafricaense || complete || comoros: moheli || comoros || manihot esculenta || 2009 || comoros:moheli:mo15az1:2009
JF909149,,East African cassava mosaic virus-Kenya,Begomovirus manihotisafricaense,Comoros:Moheli:MO29AN3:2009,DNA-A,"East African cassava mosaic virus-Kenya isolate Comoros:Moheli:MO29AN3:2009 segment DNA-A, complete sequence",2801,complete,Comoros: Moheli,Comoros,Manihot esculenta,2009,A,comoros:moheli:mo29an3:2009,comoros:moheli:mo29an3:2009, || east african cassava mosaic virus-kenya || begomovirus manihotisafricaense || complete || comoros: moheli || comoros || manihot esculenta || 2009 || comoros:moheli:mo29an3:2009
JF909150,,East African cassava mosaic virus-Kenya,Begomovirus manihotisafricaense,Comoros:Moheli:MO30BY1:2009,DNA-A,"East African cassava mosaic virus-Kenya isolate Comoros:Moheli:MO30BY1:2009 segment DNA-A, complete sequence",2801,complete,Comoros: Moheli,Comoros,Manihot esculenta,2009,A,comoros:moheli:mo30by1:2009,comoros:moheli:mo30by1:2009, || east african cassava mosaic virus-kenya || begomovirus manihotisafricaense || complete || comoros: moheli || comoros || manihot esculenta || 2009 || comoros:moheli:mo30by1:2009
JF909151,,East African cassava mosaic virus-Kenya,Begomovirus manihotisafricaense,Seychelles:Mahe:SC01B01:2006,DNA-A,"East African cassava mosaic virus-Kenya isolate Seychelles:Mahe:SC01B01:2006 segment DNA-A, complete sequence",2801,complete,Seychelles: Mahe,Seychelles,Manihot esculenta,2006,A,seychelles:mahe:sc01b01:2006,seychelles:mahe:sc01b01:2006, || east african cassava mosaic virus-kenya || begomovirus manihotisafricaense || complete || seychelles: mahe || seychelles || manihot esculenta || 2006 || seychelles:mahe:sc01b01:2006
JF909152,,East African cassava mosaic virus-Kenya,Begomovirus manihotisafricaense,Seychelles:Mahe:SC02B07:2006,DNA-A,"East African cassava mosaic virus-Kenya isolate Seychelles:Mahe:SC02B07:2006 segment DNA-A, complete sequence",2801,complete,Seychelles: Mahe,Seychelles,Manihot esculenta,2006,A,seychelles:mahe:sc02b07:2006,seychelles:mahe:sc02b07:2006, || east african cassava mosaic virus-kenya || begomovirus manihotisafricaense || complete || seychelles: mahe || seychelles || manihot esculenta || 2006 || seychelles:mahe:sc02b07:2006
JF909153,,East African cassava mosaic virus-Kenya,Begomovirus manihotisafricaense,Seychelles:La Digue:SC03AK1:2009,DNA-A,"East African cassava mosaic virus-Kenya isolate Seychelles:La Digue:SC03AK1:2009 segment DNA-A, complete sequence",2801,complete,Seychelles: La Digue,Seychelles,Manihot esculenta,2009,A,seychelles:la digue:sc03ak1:2009,seychelles:la digue:sc03ak1:2009, || east african cassava mosaic virus-kenya || begomovirus manihotisafricaense || complete || seychelles: la digue || seychelles || manihot esculenta || 2009 || seychelles:la digue:sc03ak1:2009
JF909154,,East African cassava mosaic virus-Kenya,Begomovirus manihotisafricaense,Seychelles:La Digue:SC08AX1:2004,DNA-A,"East African cassava mosaic virus-Kenya isolate Seychelles:La Digue:SC08AX1:2004 segment DNA-A, complete sequence",2801,complete,Seychelles: La Digue,Seychelles,Manihot esculenta,2004,A,seychelles:la digue:sc08ax1:2004,seychelles:la digue:sc08ax1:2004, || east african cassava mosaic virus-kenya || begomovirus manihotisafricaense || complete || seychelles: la digue || seychelles || manihot esculenta || 2004 || seychelles:la digue:sc08ax1:2004
JF909155,,East African cassava mosaic virus-Kenya,Begomovirus manihotisafricaense,Seychelles:Mahe:SC10AS1:2004,DNA-A,"East African cassava mosaic virus-Kenya isolate Seychelles:Mahe:SC10AS1:2004 segment DNA-A, complete sequence",2802,complete,Seychelles: Mahe,Seychelles,Manihot esculenta,2004,A,seychelles:mahe:sc10as1:2004,seychelles:mahe:sc10as1:2004, || east african cassava mosaic virus-kenya || begomovirus manihotisafricaense || complete || seychelles: mahe || seychelles || manihot esculenta || 2004 || seychelles:mahe:sc10as1:2004
JF909156,,East African cassava mosaic virus-Kenya,Begomovirus manihotisafricaense,Seychelles:Mahe:SC12B01:2004,DNA-A,"East African cassava mosaic virus-Kenya isolate Seychelles:Mahe:SC12B01:2004 segment DNA-A, complete sequence",2801,complete,Seychelles: Mahe,Seychelles,Manihot esculenta,2004,A,seychelles:mahe:sc12b01:2004,seychelles:mahe:sc12b01:2004, || east african cassava mosaic virus-kenya || begomovirus manihotisafricaense || complete || seychelles: mahe || seychelles || manihot esculenta || 2004 || seychelles:mahe:sc12b01:2004
JF909157,,East African cassava mosaic virus-Kenya,Begomovirus manihotisafricaense,Seychelles:La digue:SC15B16:2004,DNA-A,"East African cassava mosaic virus-Kenya isolate Seychelles:La digue:SC15B16:2004 segment DNA-A, complete sequence",2801,complete,Seychelles: La Digue,Seychelles,Manihot esculenta,2004,A,seychelles:la digue:sc15b16:2004,seychelles:la digue:sc15b16:2004, || east african cassava mosaic virus-kenya || begomovirus manihotisafricaense || complete || seychelles: la digue || seychelles || manihot esculenta || 2004 || seychelles:la digue:sc15b16:2004
JF909158,,East African cassava mosaic virus,Begomovirus manihotisafricaense,Seychelles:Mahe:SC16B00:2005,DNA-A,"East African cassava mosaic virus isolate Seychelles:Mahe:SC16B00:2005 segment DNA-A, complete sequence",2801,complete,Seychelles: Mahe,Seychelles,Manihot esculenta,2005,A,seychelles:mahe:sc16b00:2005,seychelles:mahe:sc16b00:2005, || east african cassava mosaic virus || begomovirus manihotisafricaense || complete || seychelles: mahe || seychelles || manihot esculenta || 2005 || seychelles:mahe:sc16b00:2005
JF909159,,East African cassava mosaic virus-Kenya,Begomovirus manihotisafricaense,Seychelles:Mahe:SC16B20:2005,DNA-A,"East African cassava mosaic virus-Kenya isolate Seychelles:Mahe:SC16B20:2005 segment DNA-A, complete sequence",2801,complete,Seychelles: Mahe,Seychelles,Manihot esculenta,2005,A,seychelles:mahe:sc16b20:2005,seychelles:mahe:sc16b20:2005, || east african cassava mosaic virus-kenya || begomovirus manihotisafricaense || complete || seychelles: mahe || seychelles || manihot esculenta || 2005 || seychelles:mahe:sc16b20:2005
JF909160,,East African cassava mosaic virus-Kenya,Begomovirus manihotisafricaense,Seychelles:Mahe:SC17B31:2005,DNA-A,"East African cassava mosaic virus-Kenya isolate Seychelles:Mahe:SC17B31:2005 segment DNA-A, complete sequence",2801,complete,Seychelles: Mahe,Seychelles,Manihot esculenta,2005,A,seychelles:mahe:sc17b31:2005,seychelles:mahe:sc17b31:2005, || east african cassava mosaic virus-kenya || begomovirus manihotisafricaense || complete || seychelles: mahe || seychelles || manihot esculenta || 2005 || seychelles:mahe:sc17b31:2005
JF909161,,East African cassava mosaic virus-Kenya,Begomovirus manihotisafricaense,Seychelles:Mahe:SC18B32:2005,DNA-A,"East African cassava mosaic virus-Kenya isolate Seychelles:Mahe:SC18B32:2005 segment DNA-A, complete sequence",2801,complete,Seychelles: Mahe,Seychelles,Manihot esculenta,2005,A,seychelles:mahe:sc18b32:2005,seychelles:mahe:sc18b32:2005, || east african cassava mosaic virus-kenya || begomovirus manihotisafricaense || complete || seychelles: mahe || seychelles || manihot esculenta || 2005 || seychelles:mahe:sc18b32:2005
JF909162,,East African cassava mosaic virus-Kenya,Begomovirus manihotisafricaense,Seychelles:Praslin:SC22B15:2009,DNA-A,"East African cassava mosaic virus-Kenya isolate Seychelles:Praslin:SC22B15:2009 segment DNA-A, complete sequence",2801,complete,Seychelles: Praslin,Seychelles,Manihot esculenta,2009,A,seychelles:praslin:sc22b15:2009,seychelles:praslin:sc22b15:2009, || east african cassava mosaic virus-kenya || begomovirus manihotisafricaense || complete || seychelles: praslin || seychelles || manihot esculenta || 2009 || seychelles:praslin:sc22b15:2009
JF909163,,East African cassava mosaic virus-Kenya,Begomovirus manihotisafricaense,Comoros:Mayotte:YT03B38:2005,DNA-A,"East African cassava mosaic virus-Kenya isolate Comoros:Mayotte:YT03B38:2005 segment DNA-A, complete sequence",2801,complete,Mayotte,Mayotte,Manihot esculenta,2005,A,comoros:mayotte:yt03b38:2005,comoros:mayotte:yt03b38:2005, || east african cassava mosaic virus-kenya || begomovirus manihotisafricaense || complete || mayotte || mayotte || manihot esculenta || 2005 || comoros:mayotte:yt03b38:2005
JF909164,,East African cassava mosaic virus-Kenya,Begomovirus manihotisafricaense,Comoros:Mayotte:YT03E63:2005,DNA-A,"East African cassava mosaic virus-Kenya isolate Comoros:Mayotte:YT03E63:2005 segment DNA-A, complete sequence",2801,complete,Mayotte,Mayotte,Manihot esculenta,2005,A,comoros:mayotte:yt03e63:2005,comoros:mayotte:yt03e63:2005, || east african cassava mosaic virus-kenya || begomovirus manihotisafricaense || complete || mayotte || mayotte || manihot esculenta || 2005 || comoros:mayotte:yt03e63:2005
JF909165,,East African cassava mosaic virus-Kenya,Begomovirus manihotisafricaense,Comoros:Mayotte:YT04B41:2005,DNA-A,"East African cassava mosaic virus-Kenya isolate Comoros:Mayotte:YT04B41:2005 segment DNA-A, complete sequence",2801,complete,Mayotte,Mayotte,Manihot esculenta,2005,A,comoros:mayotte:yt04b41:2005,comoros:mayotte:yt04b41:2005, || east african cassava mosaic virus-kenya || begomovirus manihotisafricaense || complete || mayotte || mayotte || manihot esculenta || 2005 || comoros:mayotte:yt04b41:2005
JF909166,,East African cassava mosaic virus-Kenya,Begomovirus manihotisafricaense,Comoros:Mayotte:YT04E67:2005,DNA-A,"East African cassava mosaic virus-Kenya isolate Comoros:Mayotte:YT04E67:2005 segment DNA-A, complete sequence",2801,complete,Mayotte,Mayotte,Manihot esculenta,2005,A,comoros:mayotte:yt04e67:2005,comoros:mayotte:yt04e67:2005, || east african cassava mosaic virus-kenya || begomovirus manihotisafricaense || complete || mayotte || mayotte || manihot esculenta || 2005 || comoros:mayotte:yt04e67:2005
JF909167,,East African cassava mosaic virus-Kenya,Begomovirus manihotisafricaense,Comoros:Mayotte:YT07B51:2005,DNA-A,"East African cassava mosaic virus-Kenya isolate Comoros:Mayotte:YT07B51:2005 segment DNA-A, complete sequence",2801,complete,Mayotte,Mayotte,Manihot esculenta,2005,A,comoros:mayotte:yt07b51:2005,comoros:mayotte:yt07b51:2005, || east african cassava mosaic virus-kenya || begomovirus manihotisafricaense || complete || mayotte || mayotte || manihot esculenta || 2005 || comoros:mayotte:yt07b51:2005
JF909168,,East African cassava mosaic virus-Kenya,Begomovirus manihotisafricaense,Comoros:Mayotte:YT09B65:2005,DNA-A,"East African cassava mosaic virus-Kenya isolate Comoros:Mayotte:YT09B65:2005 segment DNA-A, complete sequence",2801,complete,Mayotte,Mayotte,Manihot esculenta,2005,A,comoros:mayotte:yt09b65:2005,comoros:mayotte:yt09b65:2005, || east african cassava mosaic virus-kenya || begomovirus manihotisafricaense || complete || mayotte || mayotte || manihot esculenta || 2005 || comoros:mayotte:yt09b65:2005
JF909169,,East African cassava mosaic virus-Kenya,Begomovirus manihotisafricaense,Comoros:Mayotte:YT10B67:2005,DNA-A,"East African cassava mosaic virus-Kenya isolate Comoros:Mayotte:YT10B67:2005 segment DNA-A, complete sequence",2801,complete,Mayotte,Mayotte,Manihot esculenta,2005,A,comoros:mayotte:yt10b67:2005,comoros:mayotte:yt10b67:2005, || east african cassava mosaic virus-kenya || begomovirus manihotisafricaense || complete || mayotte || mayotte || manihot esculenta || 2005 || comoros:mayotte:yt10b67:2005
JF909170,,East African cassava mosaic virus-Kenya,Begomovirus manihotisafricaense,Comoros:Mayotte:YT11B71:2005,DNA-A,"East African cassava mosaic virus-Kenya isolate Comoros:Mayotte:YT11B71:2005 segment DNA-A, complete sequence",2801,complete,Mayotte,Mayotte,Manihot esculenta,2005,A,comoros:mayotte:yt11b71:2005,comoros:mayotte:yt11b71:2005, || east african cassava mosaic virus-kenya || begomovirus manihotisafricaense || complete || mayotte || mayotte || manihot esculenta || 2005 || comoros:mayotte:yt11b71:2005
JF909171,,East African cassava mosaic virus-Kenya,Begomovirus manihotisafricaense,Comoros:Mayotte:YT12B76:2005,DNA-A,"East African cassava mosaic virus-Kenya isolate Comoros:Mayotte:YT12B76:2005 segment DNA-A, complete sequence",2801,complete,Mayotte,Mayotte,Manihot esculenta,2005,A,comoros:mayotte:yt12b76:2005,comoros:mayotte:yt12b76:2005, || east african cassava mosaic virus-kenya || begomovirus manihotisafricaense || complete || mayotte || mayotte || manihot esculenta || 2005 || comoros:mayotte:yt12b76:2005
JF909173,,East African cassava mosaic virus-Kenya,Begomovirus manihotisafricaense,Comoros:Mayotte:YT23B10:2003,DNA-A,"East African cassava mosaic virus-Kenya isolate Comoros:Mayotte:YT23B10:2003 segment DNA-A, complete sequence",2801,complete,Mayotte,Mayotte,Manihot esculenta,2003,A,comoros:mayotte:yt23b10:2003,comoros:mayotte:yt23b10:2003, || east african cassava mosaic virus-kenya || begomovirus manihotisafricaense || complete || mayotte || mayotte || manihot esculenta || 2003 || comoros:mayotte:yt23b10:2003
JF909174,,East African cassava mosaic virus-Kenya,Begomovirus manihotisafricaense,Comoros:Mayotte:YT24B16:2004,DNA-A,"East African cassava mosaic virus-Kenya isolate Comoros:Mayotte:YT24B16:2004 segment DNA-A, complete sequence",2801,complete,Mayotte,Mayotte,Manihot esculenta,2004,A,comoros:mayotte:yt24b16:2004,comoros:mayotte:yt24b16:2004, || east african cassava mosaic virus-kenya || begomovirus manihotisafricaense || complete || mayotte || mayotte || manihot esculenta || 2004 || comoros:mayotte:yt24b16:2004
JF909175,,East African cassava mosaic virus-Kenya,Begomovirus manihotisafricaense,Comoros:Mayotte:YT25B20:2003,DNA-A,"East African cassava mosaic virus-Kenya isolate Comoros:Mayotte:YT25B20:2003 segment DNA-A, complete sequence",2801,complete,Mayotte,Mayotte,Manihot esculenta,2003,A,comoros:mayotte:yt25b20:2003,comoros:mayotte:yt25b20:2003, || east african cassava mosaic virus-kenya || begomovirus manihotisafricaense || complete || mayotte || mayotte || manihot esculenta || 2003 || comoros:mayotte:yt25b20:2003
JF909176,,East African cassava mosaic virus-Kenya,Begomovirus manihotisafricaense,Comoros:Mayotte:YT26B24:2004,DNA-A,"East African cassava mosaic virus-Kenya isolate Comoros:Mayotte:YT26B24:2004 segment DNA-A, complete sequence",2801,complete,Mayotte,Mayotte,Manihot esculenta,2004,A,comoros:mayotte:yt26b24:2004,comoros:mayotte:yt26b24:2004, || east african cassava mosaic virus-kenya || begomovirus manihotisafricaense || complete || mayotte || mayotte || manihot esculenta || 2004 || comoros:mayotte:yt26b24:2004
JF909177,,East African cassava mosaic virus-Kenya,Begomovirus manihotisafricaense,Comoros:Mayotte:YT27B31:2004,DNA-A,"East African cassava mosaic virus-Kenya isolate Comoros:Mayotte:YT27B31:2004 segment DNA-A, complete sequence",2801,complete,Mayotte,Mayotte,Manihot esculenta,2004,A,comoros:mayotte:yt27b31:2004,comoros:mayotte:yt27b31:2004, || east african cassava mosaic virus-kenya || begomovirus manihotisafricaense || complete || mayotte || mayotte || manihot esculenta || 2004 || comoros:mayotte:yt27b31:2004
JF909178,,East African cassava mosaic virus-Kenya,Begomovirus manihotisafricaense,Comoros:Mayotte:YT28B34:2004,DNA-A,"East African cassava mosaic virus-Kenya isolate Comoros:Mayotte:YT28B34:2004 segment DNA-A, complete sequence",2801,complete,Mayotte,Mayotte,Manihot esculenta,2004,A,comoros:mayotte:yt28b34:2004,comoros:mayotte:yt28b34:2004, || east african cassava mosaic virus-kenya || begomovirus manihotisafricaense || complete || mayotte || mayotte || manihot esculenta || 2004 || comoros:mayotte:yt28b34:2004
JF909179,,East African cassava mosaic virus-Kenya,Begomovirus manihotisafricaense,Comoros:Mayotte:YT33B59:2003,DNA-A,"East African cassava mosaic virus-Kenya isolate Comoros:Mayotte:YT33B59:2003 segment DNA-A, complete sequence",2801,complete,Mayotte,Mayotte,Manihot esculenta,2003,A,comoros:mayotte:yt33b59:2003,comoros:mayotte:yt33b59:2003, || east african cassava mosaic virus-kenya || begomovirus manihotisafricaense || complete || mayotte || mayotte || manihot esculenta || 2003 || comoros:mayotte:yt33b59:2003
JF909180,,East African cassava mosaic virus-Kenya,Begomovirus manihotisafricaense,Comoros:Mayotte:YT34B44:2004,DNA-A,"East African cassava mosaic virus-Kenya isolate Comoros:Mayotte:YT34B44:2004 segment DNA-A, complete sequence",2801,complete,Mayotte,Mayotte,Manihot esculenta,2004,A,comoros:mayotte:yt34b44:2004,comoros:mayotte:yt34b44:2004, || east african cassava mosaic virus-kenya || begomovirus manihotisafricaense || complete || mayotte || mayotte || manihot esculenta || 2004 || comoros:mayotte:yt34b44:2004
JF909181,,East African cassava mosaic virus-Kenya,Begomovirus manihotisafricaense,Comoros:Mayotte:YT36B00:2004,DNA-A,"East African cassava mosaic virus-Kenya isolate Comoros:Mayotte:YT36B00:2004 segment DNA-A, complete sequence",2801,complete,Mayotte,Mayotte,Manihot esculenta,2004,A,comoros:mayotte:yt36b00:2004,comoros:mayotte:yt36b00:2004, || east african cassava mosaic virus-kenya || begomovirus manihotisafricaense || complete || mayotte || mayotte || manihot esculenta || 2004 || comoros:mayotte:yt36b00:2004
JF909182,,East African cassava mosaic virus-Kenya,Begomovirus manihotisafricaense,Comoros:Mayotte:YT36B49:2004,DNA-A,"East African cassava mosaic virus-Kenya isolate Comoros:Mayotte:YT36B49:2004 segment DNA-A, complete sequence",2801,complete,Mayotte,Mayotte,Manihot esculenta,2004,A,comoros:mayotte:yt36b49:2004,comoros:mayotte:yt36b49:2004, || east african cassava mosaic virus-kenya || begomovirus manihotisafricaense || complete || mayotte || mayotte || manihot esculenta || 2004 || comoros:mayotte:yt36b49:2004
JF909183,,East African cassava mosaic virus-Kenya,Begomovirus manihotisafricaense,Comoros:Mayotte:YT43B01:2008,DNA-A,"East African cassava mosaic virus-Kenya isolate Comoros:Mayotte:YT43B01:2008 segment DNA-A, complete sequence",2801,complete,Mayotte,Mayotte,Manihot esculenta,2008,A,comoros:mayotte:yt43b01:2008,comoros:mayotte:yt43b01:2008, || east african cassava mosaic virus-kenya || begomovirus manihotisafricaense || complete || mayotte || mayotte || manihot esculenta || 2008 || comoros:mayotte:yt43b01:2008
JF909184,,East African cassava mosaic virus-Kenya,Begomovirus manihotisafricaense,Comoros:Mayotte:YT43E01:2008,DNA-A,"East African cassava mosaic virus-Kenya isolate Comoros:Mayotte:YT43E01:2008 segment DNA-A, complete sequence",2801,complete,Mayotte,Mayotte,Manihot esculenta,2008,A,comoros:mayotte:yt43e01:2008,comoros:mayotte:yt43e01:2008, || east african cassava mosaic virus-kenya || begomovirus manihotisafricaense || complete || mayotte || mayotte || manihot esculenta || 2008 || comoros:mayotte:yt43e01:2008
JF909185,,East African cassava mosaic virus-Kenya,Begomovirus manihotisafricaense,Comoros:Mayotte:YT44B01:2008,DNA-A,"East African cassava mosaic virus-Kenya isolate Comoros:Mayotte:YT44B01:2008 segment DNA-A, complete sequence",2800,complete,Mayotte,Mayotte,Manihot esculenta,2008,A,comoros:mayotte:yt44b01:2008,comoros:mayotte:yt44b01:2008, || east african cassava mosaic virus-kenya || begomovirus manihotisafricaense || complete || mayotte || mayotte || manihot esculenta || 2008 || comoros:mayotte:yt44b01:2008
JF909188,,East African cassava mosaic virus-Kenya,Begomovirus manihotisafricaense,Comoros:Mayotte:YT48E15:2008,DNA-A,"East African cassava mosaic virus-Kenya isolate Comoros:Mayotte:YT48E15:2008 segment DNA-A, complete sequence",2801,complete,Mayotte,Mayotte,Manihot esculenta,2008,A,comoros:mayotte:yt48e15:2008,comoros:mayotte:yt48e15:2008, || east african cassava mosaic virus-kenya || begomovirus manihotisafricaense || complete || mayotte || mayotte || manihot esculenta || 2008 || comoros:mayotte:yt48e15:2008
JF909189,,East African cassava mosaic virus-Kenya,Begomovirus manihotisafricaense,Comoros:Mayotte:YT49A66:2008,DNA-A,"East African cassava mosaic virus-Kenya isolate Comoros:Mayotte:YT49A66:2008 segment DNA-A, complete sequence",2801,complete,Mayotte,Mayotte,Manihot esculenta,2008,A,comoros:mayotte:yt49a66:2008,comoros:mayotte:yt49a66:2008, || east african cassava mosaic virus-kenya || begomovirus manihotisafricaense || complete || mayotte || mayotte || manihot esculenta || 2008 || comoros:mayotte:yt49a66:2008
JF909190,,East African cassava mosaic virus-Kenya,Begomovirus manihotisafricaense,Comoros:Mayotte:YT49E10:2008,DNA-A,"East African cassava mosaic virus-Kenya isolate Comoros:Mayotte:YT49E10:2008 segment DNA-A, complete sequence",2801,complete,Mayotte,Mayotte,Manihot esculenta,2008,A,comoros:mayotte:yt49e10:2008,comoros:mayotte:yt49e10:2008, || east african cassava mosaic virus-kenya || begomovirus manihotisafricaense || complete || mayotte || mayotte || manihot esculenta || 2008 || comoros:mayotte:yt49e10:2008
JF909191,,East African cassava mosaic virus-Kenya,Begomovirus manihotisafricaense,Comoros:Mayotte:YT50B12:2008,DNA-A,"East African cassava mosaic virus-Kenya isolate Comoros:Mayotte:YT50B12:2008 segment DNA-A, complete sequence",2801,complete,Mayotte,Mayotte,Manihot esculenta,2008,A,comoros:mayotte:yt50b12:2008,comoros:mayotte:yt50b12:2008, || east african cassava mosaic virus-kenya || begomovirus manihotisafricaense || complete || mayotte || mayotte || manihot esculenta || 2008 || comoros:mayotte:yt50b12:2008
JF909192,,East African cassava mosaic virus-Kenya,Begomovirus manihotisafricaense,Comoros:Mayotte:YT51B14:2008,DNA-A,"East African cassava mosaic virus-Kenya isolate Comoros:Mayotte:YT51B14:2008 segment DNA-A, complete sequence",2801,complete,Mayotte,Mayotte,Manihot esculenta,2008,A,comoros:mayotte:yt51b14:2008,comoros:mayotte:yt51b14:2008, || east african cassava mosaic virus-kenya || begomovirus manihotisafricaense || complete || mayotte || mayotte || manihot esculenta || 2008 || comoros:mayotte:yt51b14:2008
JF909193,,East African cassava mosaic virus-Kenya,Begomovirus manihotisafricaense,Comoros:Mayotte:YT55B06:2008,DNA-A,"East African cassava mosaic virus-Kenya isolate Comoros:Mayotte:YT55B06:2008 segment DNA-A, complete sequence",2799,complete,Mayotte,Mayotte,Manihot esculenta,2008,A,comoros:mayotte:yt55b06:2008,comoros:mayotte:yt55b06:2008, || east african cassava mosaic virus-kenya || begomovirus manihotisafricaense || complete || mayotte || mayotte || manihot esculenta || 2008 || comoros:mayotte:yt55b06:2008
JF909194,,East African cassava mosaic virus-Kenya,Begomovirus manihotisafricaense,Comoros:Mayotte:YT57E10:2008,DNA-A,"East African cassava mosaic virus-Kenya isolate Comoros:Mayotte:YT57E10:2008 segment DNA-A, complete sequence",2801,complete,Mayotte,Mayotte,Manihot esculenta,2008,A,comoros:mayotte:yt57e10:2008,comoros:mayotte:yt57e10:2008, || east african cassava mosaic virus-kenya || begomovirus manihotisafricaense || complete || mayotte || mayotte || manihot esculenta || 2008 || comoros:mayotte:yt57e10:2008
JF909195,,East African cassava mosaic virus-Kenya,Begomovirus manihotisafricaense,Comoros:Mayotte:YT59B30:2008,DNA-A,"East African cassava mosaic virus-Kenya isolate Comoros:Mayotte:YT59B30:2008 segment DNA-A, complete sequence",2801,complete,Mayotte,Mayotte,Manihot esculenta,2008,A,comoros:mayotte:yt59b30:2008,comoros:mayotte:yt59b30:2008, || east african cassava mosaic virus-kenya || begomovirus manihotisafricaense || complete || mayotte || mayotte || manihot esculenta || 2008 || comoros:mayotte:yt59b30:2008
JF909196,,East African cassava mosaic virus-Kenya,Begomovirus manihotisafricaense,Comoros:Mayotte:YT59E19:2008,DNA-A,"East African cassava mosaic virus-Kenya isolate Comoros:Mayotte:YT59E19:2008 segment DNA-A, complete sequence",2801,complete,Mayotte,Mayotte,Manihot esculenta,2008,A,comoros:mayotte:yt59e19:2008,comoros:mayotte:yt59e19:2008, || east african cassava mosaic virus-kenya || begomovirus manihotisafricaense || complete || mayotte || mayotte || manihot esculenta || 2008 || comoros:mayotte:yt59e19:2008
JF909198,,East African cassava mosaic virus-Kenya,Begomovirus manihotisafricaense,Comoros:Mayotte:YT67B08:2009,DNA-A,"East African cassava mosaic virus-Kenya isolate Comoros:Mayotte:YT67B08:2009 segment DNA-A, complete sequence",2800,complete,Mayotte,Mayotte,Manihot esculenta,2009,A,comoros:mayotte:yt67b08:2009,comoros:mayotte:yt67b08:2009, || east african cassava mosaic virus-kenya || begomovirus manihotisafricaense || complete || mayotte || mayotte || manihot esculenta || 2009 || comoros:mayotte:yt67b08:2009
JN053432,,East African cassava mosaic virus-Uganda2 Severe,Begomovirus manihotisafricaense,B2J5,DNA-A,"East African cassava mosaic virus-Uganda2 Severe isolate B2J5 segment DNA-A, complete sequence",2799,complete,Kenya,Kenya,Jatropha curcas,2009-08-29,A,b2j5,b2j5, || east african cassava mosaic virus-uganda2 severe || begomovirus manihotisafricaense || complete || kenya || kenya || jatropha curcas || 2009-08-29 || b2j5
JN053433,,East African cassava mosaic virus-Uganda2 Severe,Begomovirus manihotisafricaense,B3J1,DNA-A,"East African cassava mosaic virus-Uganda2 Severe isolate B3J1 segment DNA-A, complete sequence",2799,complete,Kenya,Kenya,Jatropha curcas,2009-08-29,A,b3j1,b3j1, || east african cassava mosaic virus-uganda2 severe || begomovirus manihotisafricaense || complete || kenya || kenya || jatropha curcas || 2009-08-29 || b3j1
JN053434,,East African cassava mosaic virus-Uganda2 Severe,Begomovirus manihotisafricaense,B3J13,DNA-A,"East African cassava mosaic virus-Uganda2 Severe isolate B3J13 segment DNA-A, complete sequence",2799,complete,Kenya,Kenya,Jatropha curcas,2009-08-29,A,b3j13,b3j13, || east african cassava mosaic virus-uganda2 severe || begomovirus manihotisafricaense || complete || kenya || kenya || jatropha curcas || 2009-08-29 || b3j13
JN053435,,East African cassava mosaic virus-Uganda2 Severe,Begomovirus manihotisafricaense,B4J15,DNA-A,"East African cassava mosaic virus-Uganda2 Severe isolate B4J15 segment DNA-A, complete sequence",2799,complete,Kenya,Kenya,Jatropha curcas,2009-08-29,A,b4j15,b4j15, || east african cassava mosaic virus-uganda2 severe || begomovirus manihotisafricaense || complete || kenya || kenya || jatropha curcas || 2009-08-29 || b4j15
JN053436,,East African cassava mosaic virus-Uganda2 Severe,Begomovirus manihotisafricaense,BxJ4,DNA-A,"East African cassava mosaic virus-Uganda2 Severe isolate BxJ4 segment DNA-A, complete sequence",2799,complete,Kenya,Kenya,Jatropha curcas,2009-08-29,A,bxj4,bxj4, || east african cassava mosaic virus-uganda2 severe || begomovirus manihotisafricaense || complete || kenya || kenya || jatropha curcas || 2009-08-29 || bxj4
JN053437,,East African cassava mosaic virus-Uganda2 Severe,Begomovirus manihotisafricaense,K2J4,DNA-A,"East African cassava mosaic virus-Uganda2 Severe isolate K2J4 segment DNA-A, complete sequence",2799,complete,Kenya,Kenya,Jatropha curcas,2009-08-29,A,k2j4,k2j4, || east african cassava mosaic virus-uganda2 severe || begomovirus manihotisafricaense || complete || kenya || kenya || jatropha curcas || 2009-08-29 || k2j4
JN053438,,East African cassava mosaic virus-Uganda2 Severe,Begomovirus manihotisafricaense,K4J3,DNA-A,"East African cassava mosaic virus-Uganda2 Severe isolate K4J3 segment DNA-A, complete sequence",2799,complete,Kenya,Kenya,Jatropha curcas,2009-08-29,A,k4j3,k4j3, || east african cassava mosaic virus-uganda2 severe || begomovirus manihotisafricaense || complete || kenya || kenya || jatropha curcas || 2009-08-29 || k4j3
JN053439,,East African cassava mosaic virus-Uganda2 Severe,Begomovirus manihotisafricaense,B2J13,DNA-A,"East African cassava mosaic virus-Uganda2 Severe isolate B2J13 segment DNA-A, complete sequence",2799,complete,Kenya,Kenya,Jatropha curcas,2009-08-29,A,b2j13,b2j13, || east african cassava mosaic virus-uganda2 severe || begomovirus manihotisafricaense || complete || kenya || kenya || jatropha curcas || 2009-08-29 || b2j13
JN053440,,East African cassava mosaic virus-Uganda2 Severe,Begomovirus manihotisafricaense,B3J2,DNA-A,"East African cassava mosaic virus-Uganda2 Severe isolate B3J2 segment DNA-A, complete sequence",2799,complete,Kenya,Kenya,Jatropha curcas,2009-08-29,A,b3j2,b3j2, || east african cassava mosaic virus-uganda2 severe || begomovirus manihotisafricaense || complete || kenya || kenya || jatropha curcas || 2009-08-29 || b3j2
JN053441,,East African cassava mosaic virus-Uganda2 Severe,Begomovirus manihotisafricaense,B4J3,DNA-A,"East African cassava mosaic virus-Uganda2 Severe isolate B4J3 segment DNA-A, complete sequence",2799,complete,Kenya,Kenya,Jatropha curcas,2009-08-29,A,b4j3,b4j3, || east african cassava mosaic virus-uganda2 severe || begomovirus manihotisafricaense || complete || kenya || kenya || jatropha curcas || 2009-08-29 || b4j3
JN053442,,East African cassava mosaic virus-Uganda2 Severe,Begomovirus manihotisafricaense,B5J3,DNA-A,"East African cassava mosaic virus-Uganda2 Severe isolate B5J3 segment DNA-A, complete sequence",2799,complete,Kenya,Kenya,Jatropha curcas,2009-08-29,A,b5j3,b5j3, || east african cassava mosaic virus-uganda2 severe || begomovirus manihotisafricaense || complete || kenya || kenya || jatropha curcas || 2009-08-29 || b5j3
JN053443,,East African cassava mosaic virus-Uganda2 Severe,Begomovirus manihotisafricaense,BxJ5,DNA-A,"East African cassava mosaic virus-Uganda2 Severe isolate BxJ5 segment DNA-A, complete sequence",2799,complete,Kenya,Kenya,Jatropha curcas,2009-08-29,A,bxj5,bxj5, || east african cassava mosaic virus-uganda2 severe || begomovirus manihotisafricaense || complete || kenya || kenya || jatropha curcas || 2009-08-29 || bxj5
JN053444,,East African cassava mosaic virus-Uganda2 Severe,Begomovirus manihotisafricaense,K1J3,DNA-A,"East African cassava mosaic virus-Uganda2 Severe isolate K1J3 segment DNA-A, complete sequence",2799,complete,Kenya,Kenya,Jatropha curcas,2009-08-29,A,k1j3,k1j3, || east african cassava mosaic virus-uganda2 severe || begomovirus manihotisafricaense || complete || kenya || kenya || jatropha curcas || 2009-08-29 || k1j3
JN053445,,East African cassava mosaic virus-Uganda2 Severe,Begomovirus manihotisafricaense,K3J4,DNA-A,"East African cassava mosaic virus-Uganda2 Severe isolate K3J4 segment DNA-A, complete sequence",2799,complete,Kenya,Kenya,Jatropha curcas,2009-08-29,A,k3j4,k3j4, || east african cassava mosaic virus-uganda2 severe || begomovirus manihotisafricaense || complete || kenya || kenya || jatropha curcas || 2009-08-29 || k3j4
JN053446,,East African cassava mosaic virus-Uganda2 Severe,Begomovirus manihotisafricaense,K5J6,DNA-A,"East African cassava mosaic virus-Uganda2 Severe isolate K5J6 segment DNA-A, complete sequence",2799,complete,Kenya,Kenya,Jatropha curcas,2009-08-29,A,k5j6,k5j6, || east african cassava mosaic virus-uganda2 severe || begomovirus manihotisafricaense || complete || kenya || kenya || jatropha curcas || 2009-08-29 || k5j6
JN053447,,East African cassava mosaic virus-Uganda2 Severe,Begomovirus manihotisafricaense,B2J2,DNA-A,"East African cassava mosaic virus-Uganda2 Severe isolate B2J2 segment DNA-A, complete sequence",2799,complete,Kenya,Kenya,Jatropha curcas,2009-08-29,A,b2j2,b2j2, || east african cassava mosaic virus-uganda2 severe || begomovirus manihotisafricaense || complete || kenya || kenya || jatropha curcas || 2009-08-29 || b2j2
JN053448,,East African cassava mosaic virus-Uganda2 Severe,Begomovirus manihotisafricaense,B3J3,DNA-A,"East African cassava mosaic virus-Uganda2 Severe isolate B3J3 segment DNA-A, complete sequence",2799,complete,Kenya,Kenya,Jatropha curcas,2009-08-29,A,b3j3,b3j3, || east african cassava mosaic virus-uganda2 severe || begomovirus manihotisafricaense || complete || kenya || kenya || jatropha curcas || 2009-08-29 || b3j3
JN053449,,East African cassava mosaic virus-Uganda2 Severe,Begomovirus manihotisafricaense,B4J5,DNA-A,"East African cassava mosaic virus-Uganda2 Severe isolate B4J5 segment DNA-A, complete sequence",2799,complete,Kenya,Kenya,Jatropha curcas,2009-08-29,A,b4j5,b4j5, || east african cassava mosaic virus-uganda2 severe || begomovirus manihotisafricaense || complete || kenya || kenya || jatropha curcas || 2009-08-29 || b4j5
JN053450,,East African cassava mosaic virus-Uganda2 Severe,Begomovirus manihotisafricaense,B5J15,DNA-A,"East African cassava mosaic virus-Uganda2 Severe isolate B5J15 segment DNA-A, complete sequence",2799,complete,Kenya,Kenya,Jatropha curcas,2009-08-29,A,b5j15,b5j15, || east african cassava mosaic virus-uganda2 severe || begomovirus manihotisafricaense || complete || kenya || kenya || jatropha curcas || 2009-08-29 || b5j15
JN053451,,East African cassava mosaic virus-Uganda2 Severe,Begomovirus manihotisafricaense,BxJ15,DNA-A,"East African cassava mosaic virus-Uganda2 Severe isolate BxJ15 segment DNA-A, complete sequence",2799,complete,Kenya,Kenya,Jatropha curcas,2009-08-29,A,bxj15,bxj15, || east african cassava mosaic virus-uganda2 severe || begomovirus manihotisafricaense || complete || kenya || kenya || jatropha curcas || 2009-08-29 || bxj15
JN053452,,East African cassava mosaic virus-Uganda2 Severe,Begomovirus manihotisafricaense,K2J3,DNA-A,"East African cassava mosaic virus-Uganda2 Severe isolate K2J3 segment DNA-A, complete sequence",2799,complete,Kenya,Kenya,Jatropha curcas,2009-08-29,A,k2j3,k2j3, || east african cassava mosaic virus-uganda2 severe || begomovirus manihotisafricaense || complete || kenya || kenya || jatropha curcas || 2009-08-29 || k2j3
JN053453,,East African cassava mosaic virus-Uganda2 Severe,Begomovirus manihotisafricaense,K4J1,DNA-A,"East African cassava mosaic virus-Uganda2 Severe isolate K4J1 segment DNA-A, complete sequence",2799,complete,Kenya,Kenya,Jatropha curcas,2009-08-29,A,k4j1,k4j1, || east african cassava mosaic virus-uganda2 severe || begomovirus manihotisafricaense || complete || kenya || kenya || jatropha curcas || 2009-08-29 || k4j1
JN053454,,East African cassava mosaic virus-Uganda2 Severe,Begomovirus manihotisafricaense,S1J12,DNA-A,"East African cassava mosaic virus-Uganda2 Severe isolate S1J12 segment DNA-A, complete sequence",2799,complete,Kenya,Kenya,Jatropha curcas,2009-08-29,A,s1j12,s1j12, || east african cassava mosaic virus-uganda2 severe || begomovirus manihotisafricaense || complete || kenya || kenya || jatropha curcas || 2009-08-29 || s1j12
JN053455,,East African cassava mosaic virus-Uganda2 Severe,Begomovirus manihotisafricaense,S4J1,DNA-A,"East African cassava mosaic virus-Uganda2 Severe isolate S4J1 segment DNA-A, complete sequence",2799,complete,Kenya,Kenya,Jatropha curcas,2009-08-29,A,s4j1,s4j1, || east african cassava mosaic virus-uganda2 severe || begomovirus manihotisafricaense || complete || kenya || kenya || jatropha curcas || 2009-08-29 || s4j1
JN053456,,East African cassava mosaic virus-Uganda2 Severe,Begomovirus manihotisafricaense,S3C1,DNA-A,"East African cassava mosaic virus-Uganda2 Severe isolate S3C1 segment DNA-A, complete sequence",2799,complete,Kenya,Kenya,Manihot esculenta,2009-08-29,A,s3c1,s3c1, || east african cassava mosaic virus-uganda2 severe || begomovirus manihotisafricaense || complete || kenya || kenya || manihot esculenta || 2009-08-29 || s3c1
JN053457,,East African cassava mosaic virus-Uganda2 Severe,Begomovirus manihotisafricaense,B2C5,DNA-A,"East African cassava mosaic virus-Uganda2 Severe isolate B2C5 segment DNA-A, complete sequence",2799,complete,Kenya,Kenya,Manihot esculenta,2009-08-29,A,b2c5,b2c5, || east african cassava mosaic virus-uganda2 severe || begomovirus manihotisafricaense || complete || kenya || kenya || manihot esculenta || 2009-08-29 || b2c5
JN053458,,East African cassava mosaic virus-Uganda2 Severe,Begomovirus manihotisafricaense,S4C6,DNA-A,"East African cassava mosaic virus-Uganda2 Severe isolate S4C6 segment DNA-A, complete sequence",2799,complete,Kenya,Kenya,Manihot esculenta,2009-08-29,A,s4c6,s4c6, || east african cassava mosaic virus-uganda2 severe || begomovirus manihotisafricaense || complete || kenya || kenya || manihot esculenta || 2009-08-29 || s4c6
JN053459,,East African cassava mosaic virus-Uganda2 Severe,Begomovirus manihotisafricaense,B3C2,DNA-A,"East African cassava mosaic virus-Uganda2 Severe isolate B3C2 segment DNA-A, complete sequence",2799,complete,Kenya,Kenya,Manihot esculenta,2009-08-29,A,b3c2,b3c2, || east african cassava mosaic virus-uganda2 severe || begomovirus manihotisafricaense || complete || kenya || kenya || manihot esculenta || 2009-08-29 || b3c2
FM877474,,East African cassava mosaic virus-Uganda BFA/2008,Begomovirus manihotisafricaense,Burkina Faso-Koubri-2008,,"East African cassava mosaic virus-Uganda BFA/2008 complete genome, isolate Burkina Faso-Koubri-2008",2799,complete,Burkina Faso,Burkina Faso,Manihot esculenta,2008-08,UNKNOWN,burkina faso-koubri-2008,burkina faso-koubri-2008, || east african cassava mosaic virus-uganda bfa/2008 || begomovirus manihotisafricaense || complete || burkina faso || burkina faso || manihot esculenta || 2008-08 || burkina faso-koubri-2008
AY676464,,East African cassava mosaic virus,Begomovirus manihotisafricaense,15,DNA-A,"East African cassava mosaic virus DNA-A defective genome segment, complete sequence",1525,complete,Tanzania,Tanzania,,,A,15,15, || east african cassava mosaic virus || begomovirus manihotisafricaense || complete || tanzania || tanzania ||  ||  || 15
AF230375,,East African cassava mosaic virus-[Uganda1],Begomovirus manihotisafricaense,,DNA-B,"East African cassava mosaic virus-[Uganda1] DNA-B, complete sequence",2780,complete,,,,,B,,, || east african cassava mosaic virus-[uganda1] || begomovirus manihotisafricaense || complete ||  ||  ||  ||  || 
